uidai_state,uidai_district,census_state,census_district,state_score,district_score,match_method,needs_review
UTTAR PRADESH,GORAKHPUR,UTTAR PRADESH,GORAKHPUR,100.0,100.0,fuzzy_auto,False
ANDHRA PRADESH,CHITTOOR,ANDHRA PRADESH,CHITTOOR,100.0,100.0,fuzzy_auto,False
GUJARAT,RAJKOT,GUJARAT,RAJKOT,100.0,100.0,fuzzy_auto,False
ANDHRA PRADESH,SRIKAKULAM,ANDHRA PRADESH,SRIKAKULAM,100.0,100.0,fuzzy_auto,False
RAJASTHAN,UDAIPUR,RAJASTHAN,UDAIPUR,100.0,100.0,fuzzy_auto,False
RAJASTHAN,SIKAR,RAJASTHAN,SIKAR,100.0,100.0,fuzzy_auto,False
KARNATAKA,TUMAKURU,KARNATAKA,TUMKUR,100.0,85.71428571428572,fuzzy_auto,False
ANDHRA PRADESH,KURNOOL,ANDHRA PRADESH,KURNOOL,100.0,100.0,fuzzy_auto,False
WEST BENGAL,PASCHIM MEDINIPUR,WEST BENGAL,PASCHIM MEDINIPUR,100.0,100.0,fuzzy_auto,False
UTTAR PRADESH,GHAZIPUR,UTTAR PRADESH,GHAZIPUR,100.0,100.0,fuzzy_auto,False
GUJARAT,PATAN,GUJARAT,PATAN,100.0,100.0,fuzzy_auto,False
TELANGANA,MULUGU,ANDHRA PRADESH,WARANGAL,100.0,100.0,telangana_proxy,False
RAJASTHAN,GANGANAGAR,RAJASTHAN,GANGANAGAR,100.0,100.0,fuzzy_auto,False
ODISHA,NAYAGARH,ODISHA,NAYAGARH,100.0,100.0,fuzzy_auto,False
MAHARASHTRA,NASHIK,MAHARASHTRA,NASHIK,100.0,100.0,fuzzy_auto,False
KARNATAKA,SHIVAMOGGA,KARNATAKA,SHIMOGA,100.0,100.0,manual_override,False
KERALA,THRISSUR,KERALA,THRISSUR,100.0,100.0,fuzzy_auto,False
KARNATAKA,HASSAN,KARNATAKA,HASSAN,100.0,100.0,fuzzy_auto,False
BIHAR,PATNA,BIHAR,PATNA,100.0,100.0,fuzzy_auto,False
KARNATAKA,BELGAUM,KARNATAKA,BELGAUM,100.0,100.0,fuzzy_auto,False
TAMIL NADU,KANCHEEPURAM,TAMIL NADU,KANCHEEPURAM,100.0,100.0,fuzzy_auto,False
MADHYA PRADESH,JABALPUR,MADHYA PRADESH,JABALPUR,100.0,100.0,fuzzy_auto,False
TAMIL NADU,CHENNAI,TAMIL NADU,CHENNAI,100.0,100.0,fuzzy_auto,False
ASSAM,TINSUKIA,ASSAM,TINSUKIA,100.0,100.0,fuzzy_auto,False
BIHAR,JAMUI,BIHAR,JAMUI,100.0,100.0,fuzzy_auto,False
BIHAR,GAYA,BIHAR,GAYA,100.0,100.0,fuzzy_auto,False
KARNATAKA,BENGALURU,KARNATAKA,BANGALORE,100.0,100.0,manual_override,False
TAMIL NADU,TIRUPPUR,TAMIL NADU,TIRUPPUR,100.0,100.0,fuzzy_auto,False
MAHARASHTRA,JALGAON,MAHARASHTRA,JALGAON,100.0,100.0,fuzzy_auto,False
TRIPURA,DHALAI,TRIPURA,DHALAI,100.0,100.0,fuzzy_auto,False
ODISHA,NABARANGAPUR,ODISHA,NABARANGAPUR,100.0,100.0,fuzzy_auto,False
RAJASTHAN,CHITTORGARH,RAJASTHAN,CHITTAURGARH,100.0,86.95652173913044,fuzzy_auto,False
BIHAR,DARBHANGA,BIHAR,DARBHANGA,100.0,100.0,fuzzy_auto,False
BIHAR,PURNIA,BIHAR,PURNIA,100.0,100.0,fuzzy_auto,False
UTTAR PRADESH,MUZAFFARNAGAR,UTTAR PRADESH,MUZAFFARNAGAR,100.0,100.0,fuzzy_auto,False
RAJASTHAN,JAIPUR,RAJASTHAN,JAIPUR,100.0,100.0,fuzzy_auto,False
RAJASTHAN,CHURU,RAJASTHAN,CHURU,100.0,100.0,fuzzy_auto,False
RAJASTHAN,BHARATPUR,RAJASTHAN,BHARATPUR,100.0,100.0,fuzzy_auto,False
GUJARAT,JAMNAGAR,GUJARAT,JAMNAGAR,100.0,100.0,fuzzy_auto,False
WEST BENGAL,HOWRAH,WEST BENGAL,HAORA,100.0,100.0,manual_override,False
GUJARAT,AHMEDABAD,GUJARAT,AHMADABAD,100.0,88.88888888888889,fuzzy_auto,False
ARUNACHAL PRADESH,WEST KAMENG,ARUNACHAL PRADESH,WEST KAMENG,100.0,100.0,fuzzy_auto,False
RAJASTHAN,JALOR,RAJASTHAN,JALOR,100.0,100.0,fuzzy_auto,False
KARNATAKA,BELAGAVI,KARNATAKA,BELGAUM,100.0,100.0,manual_override,False
UTTAR PRADESH,BAHRAICH,UTTAR PRADESH,BAHRAICH,100.0,100.0,fuzzy_auto,False
TAMIL NADU,NAGAPATTINAM,TAMIL NADU,NAGAPATTINAM,100.0,100.0,fuzzy_auto,False
BIHAR,SHEIKHPURA,BIHAR,SHEIKHPURA,100.0,100.0,fuzzy_auto,False
PUNJAB,AMRITSAR,PUNJAB,AMRITSAR,100.0,100.0,fuzzy_auto,False
KARNATAKA,MYSORE,KARNATAKA,MYSORE,100.0,100.0,fuzzy_auto,False
ANDHRA PRADESH,ALLURI SITHARAMA RAJU,ANDHRA PRADESH,KHAMMAM,100.0,52.61538461538461,fuzzy_review,True
BIHAR,SITAMARHI,BIHAR,SITAMARHI,100.0,100.0,fuzzy_auto,False
JHARKHAND,KHUNTI,JHARKHAND,KHUNTI,100.0,100.0,fuzzy_auto,False
UTTAR PRADESH,SAHARANPUR,UTTAR PRADESH,SAHARANPUR,100.0,100.0,fuzzy_auto,False
TAMIL NADU,KANYAKUMARI,TAMIL NADU,KANNIYAKUMARI,100.0,91.66666666666666,fuzzy_auto,False
ANDHRA PRADESH,PRAKASAM,ANDHRA PRADESH,PRAKASAM,100.0,100.0,fuzzy_auto,False
ANDHRA PRADESH,ANANTHAPURAMU,ANDHRA PRADESH,ANANTAPUR,100.0,95.0,manual_override,False
WEST BENGAL,HOOGHLY,WEST BENGAL,HUGLI,100.0,100.0,manual_override,False
DELHI,CENTRAL DELHI,NCT OF DELHI,CENTRAL,90.0,90.0,fuzzy_auto,False
UTTAR PRADESH,DEORIA,UTTAR PRADESH,DEORIA,100.0,100.0,fuzzy_auto,False
JHARKHAND,GIRIDIH,JHARKHAND,GIRIDIH,100.0,100.0,fuzzy_auto,False
ODISHA,KORAPUT,ODISHA,KORAPUT,100.0,100.0,fuzzy_auto,False
UTTAR PRADESH,SHAHJAHANPUR,UTTAR PRADESH,SHAHJAHANPUR,100.0,100.0,fuzzy_auto,False
GUJARAT,CHHOTAUDEPUR,GUJARAT,DOHAD,100.0,54.0,fuzzy_review,True
PUNJAB,JALANDHAR,PUNJAB,JALANDHAR,100.0,100.0,fuzzy_auto,False
UTTAR PRADESH,KANNAUJ,UTTAR PRADESH,KANNAUJ,100.0,100.0,fuzzy_auto,False
ANDHRA PRADESH,VISAKHAPATNAM,ANDHRA PRADESH,VISAKHAPATNAM,100.0,100.0,fuzzy_auto,False
RAJASTHAN,JODHPUR,RAJASTHAN,JODHPUR,100.0,100.0,fuzzy_auto,False
TELANGANA,KARIMNAGAR,ANDHRA PRADESH,KARIMNAGAR,100.0,100.0,telangana_proxy,False
UTTAR PRADESH,AMETHI,UTTAR PRADESH,ETAH,100.0,67.5,fuzzy_review,True
ANDHRA PRADESH,HYDERABAD,ANDHRA PRADESH,HYDERABAD,100.0,100.0,fuzzy_auto,False
TAMIL NADU,SALEM,TAMIL NADU,SALEM,100.0,100.0,fuzzy_auto,False
TAMIL NADU,CUDDALORE,TAMIL NADU,CUDDALORE,100.0,100.0,fuzzy_auto,False
GUJARAT,SABARKANTHA,GUJARAT,SABAR KANTHA,100.0,95.65217391304348,fuzzy_auto,False
KARNATAKA,KOLAR,KARNATAKA,KOLAR,100.0,100.0,fuzzy_auto,False
MAHARASHTRA,NAGPUR,MAHARASHTRA,NAGPUR,100.0,100.0,fuzzy_auto,False
GUJARAT,PORBANDAR,GUJARAT,PORBANDAR,100.0,100.0,fuzzy_auto,False
CHANDIGARH,CHANDIGARH,CHANDIGARH,CHANDIGARH,100.0,100.0,fuzzy_auto,False
WEST BENGAL,PASCHIM BARDHAMAN,WEST BENGAL,BARDDHAMAN,100.0,85.26315789473685,fuzzy_auto,False
GUJARAT,DEVBHUMI DWARKA,GUJARAT,KHEDA,100.0,51.42857142857142,fuzzy_review,True
TELANGANA,NALGONDA,ANDHRA PRADESH,NALGONDA,100.0,100.0,telangana_proxy,False
ARUNACHAL PRADESH,TAWANG,ARUNACHAL PRADESH,TAWANG,100.0,100.0,fuzzy_auto,False
BIHAR,MUZAFFARPUR,BIHAR,MUZAFFARPUR,100.0,100.0,fuzzy_auto,False
ODISHA,GANJAM,ODISHA,GANJAM,100.0,100.0,fuzzy_auto,False
CHHATTISGARH,KAWARDHA,CHHATTISGARH,KABEERDHAM,100.0,66.66666666666667,fuzzy_review,True
ANDHRA PRADESH,EAST GODAVARI,ANDHRA PRADESH,EAST GODAVARI,100.0,100.0,fuzzy_auto,False
JHARKHAND,DHANBAD,JHARKHAND,DHANBAD,100.0,100.0,fuzzy_auto,False
GUJARAT,GANDHINAGAR,GUJARAT,GANDHINAGAR,100.0,100.0,fuzzy_auto,False
WEST BENGAL,PURULIYA,WEST BENGAL,PURULIYA,100.0,100.0,fuzzy_auto,False
UTTAR PRADESH,SIDDHARTHNAGAR,UTTAR PRADESH,SIDDHARTHNAGAR,100.0,100.0,fuzzy_auto,False
UTTAR PRADESH,BARA BANKI,UTTAR PRADESH,BARA BANKI,100.0,100.0,fuzzy_auto,False
BIHAR,SARAN,BIHAR,SARAN,100.0,100.0,fuzzy_auto,False
UTTAR PRADESH,HARDOI,UTTAR PRADESH,HARDOI,100.0,100.0,fuzzy_auto,False
WEST BENGAL,SOUTH 24 PARGANAS,WEST BENGAL,NORTH TWENTY FOUR PARGANAS,100.0,85.5,fuzzy_auto,False
UTTAR PRADESH,AMBEDKAR NAGAR,UTTAR PRADESH,AMBEDKAR NAGAR,100.0,100.0,fuzzy_auto,False
TAMIL NADU,TIRUCHIRAPPALLI,TAMIL NADU,TIRUCHIRAPPALLI,100.0,100.0,fuzzy_auto,False
MADHYA PRADESH,INDORE,MADHYA PRADESH,INDORE,100.0,100.0,fuzzy_auto,False
TAMIL NADU,TIRUVANNAMALAI,TAMIL NADU,TIRUVANNAMALAI,100.0,100.0,fuzzy_auto,False
KERALA,KASARAGOD,KERALA,KASARAGOD,100.0,100.0,fuzzy_auto,False
MAHARASHTRA,MUMBAI,MAHARASHTRA,MUMBAI,100.0,100.0,fuzzy_auto,False
KARNATAKA,MYSURU,KARNATAKA,MYSORE,100.0,100.0,manual_override,False
BIHAR,GOPALGANJ,BIHAR,GOPALGANJ,100.0,100.0,fuzzy_auto,False
GUJARAT,SURENDRA NAGAR,GUJARAT,SURENDRANAGAR,100.0,96.2962962962963,fuzzy_auto,False
ANDHRA PRADESH,ANNAMAYYA,ANDHRA PRADESH,NIZAMABAD,100.0,55.55555555555556,fuzzy_review,True
TAMIL NADU,DINDIGUL,TAMIL NADU,DINDIGUL,100.0,100.0,fuzzy_auto,False
TELANGANA,NARAYANPET,ANDHRA PRADESH,MAHBUBNAGAR,100.0,100.0,telangana_proxy,False
TAMIL NADU,TENKASI,TAMIL NADU,THENI,100.0,66.66666666666667,fuzzy_review,True
GUJARAT,MAHESANA,GUJARAT,MAHESANA,100.0,100.0,fuzzy_auto,False
DELHI,NORTH EAST DELHI,NCT OF DELHI,EAST,90.0,90.0,fuzzy_auto,False
PUNJAB,FIROZPUR,PUNJAB,FIROZPUR,100.0,100.0,fuzzy_auto,False
BIHAR,ARARIA,BIHAR,ARARIA,100.0,100.0,fuzzy_auto,False
UTTAR PRADESH,AURAIYA,UTTAR PRADESH,AURAIYA,100.0,100.0,fuzzy_auto,False
TAMIL NADU,KRISHNAGIRI,TAMIL NADU,KRISHNAGIRI,100.0,100.0,fuzzy_auto,False
MADHYA PRADESH,BETUL,MADHYA PRADESH,BETUL,100.0,100.0,fuzzy_auto,False
MADHYA PRADESH,SATNA,MADHYA PRADESH,SATNA,100.0,100.0,fuzzy_auto,False
TELANGANA,SANGAREDDY,ANDHRA PRADESH,MEDAK,100.0,100.0,telangana_proxy,False
GUJARAT,DAHOD,GUJARAT,DOHAD,100.0,100.0,manual_override,False
UTTAR PRADESH,PRAYAGRAJ,UTTAR PRADESH,AGRA,100.0,90.0,fuzzy_auto,False
BIHAR,KATIHAR,BIHAR,KATIHAR,100.0,100.0,fuzzy_auto,False
ANDHRA PRADESH,ANAKAPALLI,ANDHRA PRADESH,ANANTAPUR,100.0,52.63157894736843,fuzzy_review,True
UTTAR PRADESH,PRATAPGARH,UTTAR PRADESH,PRATAPGARH,100.0,100.0,fuzzy_auto,False
TAMIL NADU,KALLAKURICHI,TAMIL NADU,KANNIYAKUMARI,100.0,56.00000000000001,fuzzy_review,True
MADHYA PRADESH,TIKAMGARH,MADHYA PRADESH,TIKAMGARH,100.0,100.0,fuzzy_auto,False
BIHAR,BHOJPUR,BIHAR,BHOJPUR,100.0,100.0,fuzzy_auto,False
JAMMU AND KASHMIR,JAMMU,JAMMU & KASHMIR,JAMMU,100.0,100.0,fuzzy_auto,False
MADHYA PRADESH,KHARGONE,MADHYA PRADESH,KHARGONE (WEST NIMAR),100.0,90.0,fuzzy_auto,False
MIZORAM,AIZAWL,MIZORAM,AIZAWL,100.0,100.0,fuzzy_auto,False
RAJASTHAN,DHOLPUR,RAJASTHAN,SAWAI MADHOPUR,100.0,83.07692307692308,fuzzy_review,True
GUJARAT,KHEDA,GUJARAT,KHEDA,100.0,100.0,fuzzy_auto,False
BIHAR,MADHUBANI,BIHAR,MADHUBANI,100.0,100.0,fuzzy_auto,False
BIHAR,NAWADA,BIHAR,NAWADA,100.0,100.0,fuzzy_auto,False
MAHARASHTRA,SOLAPUR,MAHARASHTRA,SOLAPUR,100.0,100.0,fuzzy_auto,False
ODISHA,MAYURBHANJ,ODISHA,MAYURBHANJ,100.0,100.0,fuzzy_auto,False
MADHYA PRADESH,REWA,MADHYA PRADESH,REWA,100.0,100.0,fuzzy_auto,False
ODISHA,SAMBALPUR,ODISHA,SAMBALPUR,100.0,100.0,fuzzy_auto,False
TAMIL NADU,TIRUVALLUR,TAMIL NADU,THIRUVALLUR,100.0,95.23809523809524,fuzzy_auto,False
JHARKHAND,BOKARO,JHARKHAND,BOKARO,100.0,100.0,fuzzy_auto,False
KARNATAKA,DAKSHINA KANNADA,KARNATAKA,DAKSHINA KANNADA,100.0,100.0,fuzzy_auto,False
WEST BENGAL,PURBA MEDINIPUR,WEST BENGAL,PURBA MEDINIPUR,100.0,100.0,fuzzy_auto,False
WEST BENGAL,NORTH 24 PARGANAS,WEST BENGAL,NORTH TWENTY FOUR PARGANAS,100.0,85.5,fuzzy_auto,False
NAGALAND,PEREN,NAGALAND,PEREN,100.0,100.0,fuzzy_auto,False
HIMACHAL PRADESH,KANGRA,HIMACHAL PRADESH,KANGRA,100.0,100.0,fuzzy_auto,False
ODISHA,KENDRAPARA,ODISHA,KENDRAPARA,100.0,100.0,fuzzy_auto,False
MAHARASHTRA,PALGHAR,MAHARASHTRA,JALGAON,100.0,57.14285714285714,fuzzy_review,True
TAMIL NADU,ERODE,TAMIL NADU,ERODE,100.0,100.0,fuzzy_auto,False
KERALA,MALAPPURAM,KERALA,MALAPPURAM,100.0,100.0,fuzzy_auto,False
JAMMU AND KASHMIR,RAJOURI,JAMMU & KASHMIR,RAJOURI,100.0,100.0,fuzzy_auto,False
GOA,NORTH GOA,GOA,NORTH GOA,100.0,100.0,fuzzy_auto,False
UTTAR PRADESH,BALRAMPUR,UTTAR PRADESH,BALRAMPUR,100.0,100.0,fuzzy_auto,False
GUJARAT,SURAT,GUJARAT,SURAT,100.0,100.0,fuzzy_auto,False
DELHI,SOUTH DELHI,NCT OF DELHI,SOUTH,90.0,90.0,fuzzy_auto,False
TELANGANA,KHAMMAM,ANDHRA PRADESH,KHAMMAM,100.0,100.0,telangana_proxy,False
ODISHA,KENDUJHAR,ODISHA,KENDUJHAR,100.0,100.0,fuzzy_auto,False
PUNJAB,LUDHIANA,PUNJAB,LUDHIANA,100.0,100.0,fuzzy_auto,False
TAMIL NADU,COIMBATORE,TAMIL NADU,COIMBATORE,100.0,100.0,fuzzy_auto,False
UTTAR PRADESH,RAE BARELI,UTTAR PRADESH,RAE BARELI,100.0,100.0,fuzzy_auto,False
MAHARASHTRA,AMRAVATI,MAHARASHTRA,AMRAVATI,100.0,100.0,fuzzy_auto,False
ANDHRA PRADESH,KRISHNA,ANDHRA PRADESH,KRISHNA,100.0,100.0,fuzzy_auto,False
ODISHA,BHADRAK,ODISHA,BHADRAK,100.0,100.0,fuzzy_auto,False
MAHARASHTRA,PARBHANI,MAHARASHTRA,PARBHANI,100.0,100.0,fuzzy_auto,False
GUJARAT,VALSAD,GUJARAT,VALSAD,100.0,100.0,fuzzy_auto,False
UTTAR PRADESH,AZAMGARH,UTTAR PRADESH,AZAMGARH,100.0,100.0,fuzzy_auto,False
MADHYA PRADESH,CHHATARPUR,MADHYA PRADESH,CHHATARPUR,100.0,100.0,fuzzy_auto,False
UTTAR PRADESH,AMROHA,UTTAR PRADESH,PRATAPGARH,100.0,60.00000000000001,fuzzy_review,True
MAHARASHTRA,JALNA,MAHARASHTRA,JALNA,100.0,100.0,fuzzy_auto,False
ANDHRA PRADESH,PARVATHIPURAM MANYAM,ANDHRA PRADESH,PRAKASAM,100.0,52.61538461538461,fuzzy_review,True
HIMACHAL PRADESH,SIRMAUR,HIMACHAL PRADESH,SIRMAUR,100.0,100.0,fuzzy_auto,False
ANDHRA PRADESH,WEST GODAVARI,ANDHRA PRADESH,WEST GODAVARI,100.0,100.0,fuzzy_auto,False
TELANGANA,K.V. RANGAREDDY,ANDHRA PRADESH,RANGAREDDY,100.0,100.0,telangana_proxy,False
KARNATAKA,VIJAYAPURA,KARNATAKA,BIJAPUR,100.0,100.0,manual_override,False
TRIPURA,UNAKOTI,TRIPURA,NORTH TRIPURA,100.0,49.090909090909086,fuzzy_review,True
TAMIL NADU,VIRUDHUNAGAR,TAMIL NADU,VIRUDHUNAGAR,100.0,100.0,fuzzy_auto,False
GUJARAT,VADODARA,GUJARAT,VADODARA,100.0,100.0,fuzzy_auto,False
HARYANA,SONIPAT,HARYANA,SONIPAT,100.0,100.0,fuzzy_auto,False
UTTAR PRADESH,SULTANPUR,UTTAR PRADESH,SULTANPUR,100.0,100.0,fuzzy_auto,False
WEST BENGAL,NADIA,WEST BENGAL,NADIA,100.0,100.0,fuzzy_auto,False
TELANGANA,WARANGAL,ANDHRA PRADESH,WARANGAL,100.0,100.0,telangana_proxy,False
KARNATAKA,UDUPI,KARNATAKA,UDUPI,100.0,100.0,fuzzy_auto,False
JAMMU AND KASHMIR,BARAMULA,JAMMU & KASHMIR,BARAMULA,100.0,100.0,fuzzy_auto,False
KARNATAKA,KALABURAGI,KARNATAKA,CHIKKABALLAPURA,100.0,60.00000000000001,fuzzy_review,True
ANDHRA PRADESH,NANDYAL,ANDHRA PRADESH,NALGONDA,100.0,66.66666666666667,fuzzy_review,True
KERALA,ERNAKULAM,KERALA,ERNAKULAM,100.0,100.0,fuzzy_auto,False
DELHI,SOUTH WEST DELHI,NCT OF DELHI,SOUTH,90.0,90.0,fuzzy_auto,False
WEST BENGAL,MURSHIDABAD,WEST BENGAL,MURSHIDABAD,100.0,100.0,fuzzy_auto,False
MEGHALAYA,EAST JAINTIA HILLS,MEGHALAYA,JAINTIA HILLS,100.0,95.0,fuzzy_auto,False
KARNATAKA,MANDYA,KARNATAKA,MANDYA,100.0,100.0,fuzzy_auto,False
KARNATAKA,BIJAPUR,KARNATAKA,BIJAPUR,100.0,100.0,fuzzy_auto,False
UTTAR PRADESH,GONDA,UTTAR PRADESH,GONDA,100.0,100.0,fuzzy_auto,False
KERALA,KANNUR,KERALA,KANNUR,100.0,100.0,fuzzy_auto,False
UTTAR PRADESH,MAINPURI,UTTAR PRADESH,MAINPURI,100.0,100.0,fuzzy_auto,False
TELANGANA,MEDCHAL-MALKAJGIRI,ANDHRA PRADESH,RANGAREDDY,100.0,100.0,telangana_proxy,False
ODISHA,JAJPUR,ODISHA,JAJAPUR,100.0,92.3076923076923,fuzzy_auto,False
UTTAR PRADESH,MORADABAD,UTTAR PRADESH,MORADABAD,100.0,100.0,fuzzy_auto,False
TAMIL NADU,NAMAKKAL,TAMIL NADU,NAMAKKAL,100.0,100.0,fuzzy_auto,False
KARNATAKA,DAVANGERE,KARNATAKA,DAVANAGERE,100.0,94.73684210526316,fuzzy_auto,False
JAMMU AND KASHMIR,GANDERBAL,JAMMU & KASHMIR,GANDERBAL,100.0,100.0,fuzzy_auto,False
KERALA,ALAPPUZHA,KERALA,ALAPPUZHA,100.0,100.0,fuzzy_auto,False
GUJARAT,ARVALLI,GUJARAT,AMRELI,100.0,61.53846153846154,fuzzy_review,True
HARYANA,ROHTAK,HARYANA,ROHTAK,100.0,100.0,fuzzy_auto,False
BIHAR,SAMASTIPUR,BIHAR,SAMASTIPUR,100.0,100.0,fuzzy_auto,False
TELANGANA,MEDAK,ANDHRA PRADESH,MEDAK,100.0,100.0,telangana_proxy,False
MAHARASHTRA,AHMADNAGAR,MAHARASHTRA,AHMADNAGAR,100.0,100.0,fuzzy_auto,False
MAHARASHTRA,RATNAGIRI,MAHARASHTRA,RATNAGIRI,100.0,100.0,fuzzy_auto,False
KARNATAKA,CHAMRAJANAGAR,KARNATAKA,CHAMARAJANAGAR,100.0,96.2962962962963,fuzzy_auto,False
BIHAR,BUXAR,BIHAR,BUXAR,100.0,100.0,fuzzy_auto,False
MAHARASHTRA,MUMBAI SUBURBAN,MAHARASHTRA,MUMBAI SUBURBAN,100.0,100.0,fuzzy_auto,False
TELANGANA,NAGARKURNOOL,ANDHRA PRADESH,MAHBUBNAGAR,100.0,100.0,telangana_proxy,False
ASSAM,CHARAIDEO,ASSAM,CACHAR,100.0,72.0,fuzzy_review,True
TELANGANA,PEDDAPALLI,ANDHRA PRADESH,KARIMNAGAR,100.0,100.0,telangana_proxy,False
BIHAR,WEST CHAMPARAN,BIHAR,SARAN,100.0,80.0,fuzzy_review,True
ANDHRA PRADESH,CUDDAPAH,ANDHRA PRADESH,Y.S.R.,100.0,100.0,manual_override,False
BIHAR,KHAGARIA,BIHAR,KHAGARIA,100.0,100.0,fuzzy_auto,False
MAHARASHTRA,PUNE,MAHARASHTRA,PUNE,100.0,100.0,fuzzy_auto,False
MADHYA PRADESH,CHHINDWARA,MADHYA PRADESH,CHHINDWARA,100.0,100.0,fuzzy_auto,False
BIHAR,EAST CHAMPARAN,BIHAR,SARAN,100.0,80.0,fuzzy_review,True
ASSAM,UDALGURI,ASSAM,UDALGURI,100.0,100.0,fuzzy_auto,False
ASSAM,NALBARI,ASSAM,NALBARI,100.0,100.0,fuzzy_auto,False
UTTAR PRADESH,VARANASI,UTTAR PRADESH,VARANASI,100.0,100.0,fuzzy_auto,False
KARNATAKA,CHITRADURGA,KARNATAKA,CHITRADURGA,100.0,100.0,fuzzy_auto,False
TELANGANA,ADILABAD,ANDHRA PRADESH,ADILABAD,100.0,100.0,telangana_proxy,False
ASSAM,KARIMGANJ,ASSAM,KARIMGANJ,100.0,100.0,fuzzy_auto,False
ASSAM,NAGAON,ASSAM,NAGAON,100.0,100.0,fuzzy_auto,False
WEST BENGAL,KOLKATA,WEST BENGAL,KOLKATA,100.0,100.0,fuzzy_auto,False
HARYANA,GURGAON,HARYANA,GURGAON,100.0,100.0,fuzzy_auto,False
JHARKHAND,EAST SINGHBHUM,JHARKHAND,PASHCHIMI SINGHBHUM,100.0,74.34782608695652,fuzzy_review,True
ODISHA,JAJAPUR,ODISHA,JAJAPUR,100.0,100.0,fuzzy_auto,False
MADHYA PRADESH,AGAR MALWA,MADHYA PRADESH,SAGAR,100.0,80.0,fuzzy_review,True
MADHYA PRADESH,GWALIOR,MADHYA PRADESH,GWALIOR,100.0,100.0,fuzzy_auto,False
UTTAR PRADESH,BIJNOR,UTTAR PRADESH,BIJNOR,100.0,100.0,fuzzy_auto,False
HARYANA,KAITHAL,HARYANA,KAITHAL,100.0,100.0,fuzzy_auto,False
TAMIL NADU,VELLORE,TAMIL NADU,VELLORE,100.0,100.0,fuzzy_auto,False
KARNATAKA,BALLARI,KARNATAKA,BELLARY,100.0,100.0,manual_override,False
WEST BENGAL,BANKURA,WEST BENGAL,BANKURA,100.0,100.0,fuzzy_auto,False
KARNATAKA,GULBARGA,KARNATAKA,GULBARGA,100.0,100.0,fuzzy_auto,False
TAMIL NADU,RAMANATHAPURAM,TAMIL NADU,RAMANATHAPURAM,100.0,100.0,fuzzy_auto,False
NAGALAND,CHUMUKEDIMA,NAGALAND,DIMAPUR,100.0,65.45454545454547,fuzzy_review,True
UTTAR PRADESH,FIROZABAD,UTTAR PRADESH,FIROZABAD,100.0,100.0,fuzzy_auto,False
WEST BENGAL,BARDDHAMAN,WEST BENGAL,BARDDHAMAN,100.0,100.0,fuzzy_auto,False
UTTAR PRADESH,FARRUKHABAD,UTTAR PRADESH,FARRUKHABAD,100.0,100.0,fuzzy_auto,False
HARYANA,HISAR,HARYANA,HISAR,100.0,100.0,fuzzy_auto,False
PUNJAB,SRI MUKTSAR SAHIB,PUNJAB,MUKTSAR,100.0,90.0,fuzzy_auto,False
UTTAR PRADESH,BASTI,UTTAR PRADESH,BASTI,100.0,100.0,fuzzy_auto,False
ODISHA,BALESWAR,ODISHA,BALESHWAR,100.0,94.11764705882352,fuzzy_auto,False
KARNATAKA,CHIKKABALLAPUR,KARNATAKA,CHIKKABALLAPURA,100.0,96.55172413793105,fuzzy_auto,False
KARNATAKA,UTTARA KANNADA,KARNATAKA,UTTARA KANNADA,100.0,100.0,fuzzy_auto,False
GUJARAT,BOTAD,GUJARAT,AHMADABAD,100.0,67.5,fuzzy_review,True
WEST BENGAL,JALPAIGURI,WEST BENGAL,JALPAIGURI,100.0,100.0,fuzzy_auto,False
ANDHRA PRADESH,VIZIANAGARAM,ANDHRA PRADESH,VIZIANAGARAM,100.0,100.0,fuzzy_auto,False
ODISHA,DHENKANAL,ODISHA,DHENKANAL,100.0,100.0,fuzzy_auto,False
UTTAR PRADESH,JAUNPUR,UTTAR PRADESH,JAUNPUR,100.0,100.0,fuzzy_auto,False
MADHYA PRADESH,UMARIA,MADHYA PRADESH,UMARIA,100.0,100.0,fuzzy_auto,False
TELANGANA,WARANGAL RURAL,ANDHRA PRADESH,WARANGAL,100.0,100.0,telangana_proxy,False
TELANGANA,HYDERABAD,ANDHRA PRADESH,HYDERABAD,100.0,100.0,telangana_proxy,False
HARYANA,PANCHKULA,HARYANA,PANCHKULA,100.0,100.0,fuzzy_auto,False
ANDHRA PRADESH,KAKINADA,ANDHRA PRADESH,KARIMNAGAR,100.0,66.66666666666667,fuzzy_review,True
UTTARAKHAND,PITHORAGARH,UTTARAKHAND,PITHORAGARH,100.0,100.0,fuzzy_auto,False
KERALA,PATHANAMTHITTA,KERALA,PATHANAMTHITTA,100.0,100.0,fuzzy_auto,False
ANDHRA PRADESH,PALNADU,ANDHRA PRADESH,VISAKHAPATNAM,100.0,55.38461538461539,fuzzy_review,True
UTTAR PRADESH,MAHARAJGANJ,UTTAR PRADESH,MAHRAJGANJ,100.0,95.23809523809524,fuzzy_auto,False
JHARKHAND,LATEHAR,JHARKHAND,LATEHAR,100.0,100.0,fuzzy_auto,False
JAMMU AND KASHMIR,SRINAGAR,JAMMU & KASHMIR,SRINAGAR,100.0,100.0,fuzzy_auto,False
JAMMU AND KASHMIR,BADGAM,JAMMU & KASHMIR,BADGAM,100.0,100.0,fuzzy_auto,False
MAHARASHTRA,BULDHANA,MAHARASHTRA,BULDANA,100.0,93.33333333333331,fuzzy_auto,False
RAJASTHAN,BIKANER,RAJASTHAN,BIKANER,100.0,100.0,fuzzy_auto,False
PUNJAB,MOGA,PUNJAB,MOGA,100.0,100.0,fuzzy_auto,False
UTTAR PRADESH,KAUSHAMBI,UTTAR PRADESH,KAUSHAMBI,100.0,100.0,fuzzy_auto,False
RAJASTHAN,ALWAR,RAJASTHAN,ALWAR,100.0,100.0,fuzzy_auto,False
MAHARASHTRA,SATARA,MAHARASHTRA,SATARA,100.0,100.0,fuzzy_auto,False
MADHYA PRADESH,DAMOH,MADHYA PRADESH,DAMOH,100.0,100.0,fuzzy_auto,False
ODISHA,PURI,ODISHA,PURI,100.0,100.0,fuzzy_auto,False
HIMACHAL PRADESH,CHAMBA,HIMACHAL PRADESH,CHAMBA,100.0,100.0,fuzzy_auto,False
ODISHA,KHORDA,ODISHA,KHORDHA,100.0,92.3076923076923,fuzzy_auto,False
GUJARAT,MORBI,GUJARAT,PORBANDAR,100.0,60.00000000000001,fuzzy_review,True
TAMIL NADU,TIRUNELVELI,TAMIL NADU,TIRUNELVELI,100.0,100.0,fuzzy_auto,False
RAJASTHAN,BUNDI,RAJASTHAN,BUNDI,100.0,100.0,fuzzy_auto,False
JAMMU AND KASHMIR,KATHUA,JAMMU & KASHMIR,KATHUA,100.0,100.0,fuzzy_auto,False
ANDHRA PRADESH,ANANTHAPUR,ANDHRA PRADESH,ANANTAPUR,100.0,94.73684210526316,fuzzy_auto,False
KARNATAKA,CHIKKAMAGALURU,KARNATAKA,CHIKMAGALUR,100.0,88.0,fuzzy_auto,False
MADHYA PRADESH,MAIHAR,MADHYA PRADESH,DHAR,100.0,77.14285714285715,fuzzy_review,True
UTTAR PRADESH,SITAPUR,UTTAR PRADESH,SITAPUR,100.0,100.0,fuzzy_auto,False
UTTAR PRADESH,ALIGARH,UTTAR PRADESH,ALIGARH,100.0,100.0,fuzzy_auto,False
KARNATAKA,BAGALKOT,KARNATAKA,BAGALKOT,100.0,100.0,fuzzy_auto,False
ASSAM,LAKHIMPUR,ASSAM,LAKHIMPUR,100.0,100.0,fuzzy_auto,False
KARNATAKA,KODAGU,KARNATAKA,KODAGU,100.0,100.0,fuzzy_auto,False
RAJASTHAN,RAJSAMAND,RAJASTHAN,RAJSAMAND,100.0,100.0,fuzzy_auto,False
TAMIL NADU,VILLUPURAM,TAMIL NADU,VILUPPURAM,100.0,90.0,fuzzy_auto,False
ASSAM,KARBI ANGLONG,ASSAM,KARBI ANGLONG,100.0,100.0,fuzzy_auto,False
ODISHA,GAJAPATI,ODISHA,GAJAPATI,100.0,100.0,fuzzy_auto,False
MADHYA PRADESH,SHAJAPUR,MADHYA PRADESH,SHAJAPUR,100.0,100.0,fuzzy_auto,False
JAMMU AND KASHMIR,ANANTNAG,JAMMU & KASHMIR,ANANTNAG,100.0,100.0,fuzzy_auto,False
HARYANA,KARNAL,HARYANA,KARNAL,100.0,100.0,fuzzy_auto,False
MADHYA PRADESH,GUNA,MADHYA PRADESH,GUNA,100.0,100.0,fuzzy_auto,False
UTTAR PRADESH,KHERI,UTTAR PRADESH,KHERI,100.0,100.0,fuzzy_auto,False
GUJARAT,KACHCHH,GUJARAT,KACHCHH,100.0,100.0,fuzzy_auto,False
WEST BENGAL,PURBA BARDHAMAN,WEST BENGAL,BARDDHAMAN,100.0,85.26315789473685,fuzzy_auto,False
ODISHA,ANGUL,ODISHA,ANUGUL,100.0,90.9090909090909,fuzzy_auto,False
MAHARASHTRA,CHANDRAPUR,MAHARASHTRA,CHANDRAPUR,100.0,100.0,fuzzy_auto,False
KARNATAKA,KOPPAL,KARNATAKA,KOPPAL,100.0,100.0,fuzzy_auto,False
MEGHALAYA,WEST GARO HILLS,MEGHALAYA,WEST GARO HILLS,100.0,100.0,fuzzy_auto,False
TELANGANA,VIKARABAD,ANDHRA PRADESH,RANGAREDDY,100.0,100.0,telangana_proxy,False
UTTAR PRADESH,MAU,UTTAR PRADESH,MAU,100.0,100.0,fuzzy_auto,False
MANIPUR,CHURACHANDPUR,MANIPUR,CHURACHANDPUR,100.0,100.0,fuzzy_auto,False
UTTARAKHAND,DEHRADUN,UTTARAKHAND,DEHRADUN,100.0,100.0,fuzzy_auto,False
BIHAR,SAHARSA,BIHAR,SAHARSA,100.0,100.0,fuzzy_auto,False
UTTAR PRADESH,SONBHADRA,UTTAR PRADESH,SONBHADRA,100.0,100.0,fuzzy_auto,False
RAJASTHAN,JHALAWAR,RAJASTHAN,JHALAWAR,100.0,100.0,fuzzy_auto,False
MADHYA PRADESH,HOSHANGABAD,MADHYA PRADESH,HOSHANGABAD,100.0,100.0,fuzzy_auto,False
CHHATTISGARH,BALODA BAZAR,CHHATTISGARH,BASTAR,100.0,65.45454545454547,fuzzy_review,True
JAMMU AND KASHMIR,PULWAMA,JAMMU & KASHMIR,PULWAMA,100.0,100.0,fuzzy_auto,False
KARNATAKA,TUMKUR,KARNATAKA,TUMKUR,100.0,100.0,fuzzy_auto,False
ODISHA,NUAPADA,ODISHA,NUAPADA,100.0,100.0,fuzzy_auto,False
MAHARASHTRA,AURANGABAD,MAHARASHTRA,AURANGABAD,100.0,100.0,fuzzy_auto,False
PUNJAB,RUPNAGAR,PUNJAB,RUPNAGAR,100.0,100.0,fuzzy_auto,False
MADHYA PRADESH,SEHORE,MADHYA PRADESH,SEHORE,100.0,100.0,fuzzy_auto,False
UTTAR PRADESH,BULANDSHAHR,UTTAR PRADESH,BULANDSHAHR,100.0,100.0,fuzzy_auto,False
TELANGANA,HANUMAKONDA,ANDHRA PRADESH,WARANGAL,100.0,100.0,telangana_proxy,False
MADHYA PRADESH,NARSINGHPUR,MADHYA PRADESH,NARSIMHAPUR,100.0,100.0,manual_override,False
BIHAR,ROHTAS,BIHAR,ROHTAS,100.0,100.0,fuzzy_auto,False
UTTAR PRADESH,FATEHPUR,UTTAR PRADESH,FATEHPUR,100.0,100.0,fuzzy_auto,False
TELANGANA,JOGULAMBA GADWAL,ANDHRA PRADESH,MAHBUBNAGAR,100.0,100.0,telangana_proxy,False
ANDHRA PRADESH,N. T. R,ANDHRA PRADESH,GUNTUR,100.0,46.15384615384615,fuzzy_review,True
MAHARASHTRA,OSMANABAD,MAHARASHTRA,OSMANABAD,100.0,100.0,fuzzy_auto,False
DAMAN AND DIU,DAMAN,DAMAN & DIU,DAMAN,85.5,100.0,fuzzy_auto,False
RAJASTHAN,AJMER,RAJASTHAN,AJMER,100.0,100.0,fuzzy_auto,False
TAMIL NADU,DHARMAPURI,TAMIL NADU,DHARMAPURI,100.0,100.0,fuzzy_auto,False
JHARKHAND,GARHWA,JHARKHAND,GARHWA,100.0,100.0,fuzzy_auto,False
RAJASTHAN,PALI,RAJASTHAN,PALI,100.0,100.0,fuzzy_auto,False
ASSAM,GOALPARA,ASSAM,GOALPARA,100.0,100.0,fuzzy_auto,False
UTTAR PRADESH,AYODHYA,UTTAR PRADESH,BULANDSHAHR,100.0,51.42857142857142,fuzzy_review,True
GUJARAT,ANAND,GUJARAT,ANAND,100.0,100.0,fuzzy_auto,False
ASSAM,HAILAKANDI,ASSAM,HAILAKANDI,100.0,100.0,fuzzy_auto,False
KERALA,KOZHIKODE,KERALA,KOZHIKODE,100.0,100.0,fuzzy_auto,False
HIMACHAL PRADESH,MANDI,HIMACHAL PRADESH,MANDI,100.0,100.0,fuzzy_auto,False
MADHYA PRADESH,MANDSAUR,MADHYA PRADESH,MANDSAUR,100.0,100.0,fuzzy_auto,False
KARNATAKA,RAICHUR,KARNATAKA,RAICHUR,100.0,100.0,fuzzy_auto,False
ANDHRA PRADESH,ELURU,ANDHRA PRADESH,SRI POTTI SRIRAMULU NELLORE,100.0,54.0,fuzzy_review,True
RAJASTHAN,PRATAPGARH,RAJASTHAN,PRATAPGARH,100.0,100.0,fuzzy_auto,False
UTTAR PRADESH,KASGANJ,UTTAR PRADESH,AGRA,100.0,67.5,fuzzy_review,True
CHHATTISGARH,KABEERDHAM,CHHATTISGARH,KABEERDHAM,100.0,100.0,fuzzy_auto,False
UTTARAKHAND,TEHRI GARHWAL,UTTARAKHAND,TEHRI GARHWAL,100.0,100.0,fuzzy_auto,False
GOA,SOUTH GOA,GOA,SOUTH GOA,100.0,100.0,fuzzy_auto,False
UTTAR PRADESH,FAIZABAD,UTTAR PRADESH,FAIZABAD,100.0,100.0,fuzzy_auto,False
KARNATAKA,GADAG,KARNATAKA,GADAG,100.0,100.0,fuzzy_auto,False
ANDHRA PRADESH,DR. B. R. AMBEDKAR KONASEEMA,ANDHRA PRADESH,MEDAK,100.0,72.0,fuzzy_review,True
ODISHA,BALESHWAR,ODISHA,BALESHWAR,100.0,100.0,fuzzy_auto,False
RAJASTHAN,DAUSA,RAJASTHAN,DAUSA,100.0,100.0,fuzzy_auto,False
TELANGANA,SIDDIPET,ANDHRA PRADESH,MEDAK,100.0,100.0,telangana_proxy,False
RAJASTHAN,NAGAUR,RAJASTHAN,NAGAUR,100.0,100.0,fuzzy_auto,False
TAMIL NADU,ARIYALUR,TAMIL NADU,ARIYALUR,100.0,100.0,fuzzy_auto,False
UTTAR PRADESH,BALLIA,UTTAR PRADESH,BALLIA,100.0,100.0,fuzzy_auto,False
UTTAR PRADESH,KANPUR NAGAR,UTTAR PRADESH,KANPUR NAGAR,100.0,100.0,fuzzy_auto,False
MADHYA PRADESH,NEEMUCH,MADHYA PRADESH,NEEMUCH,100.0,100.0,fuzzy_auto,False
ANDHRA PRADESH,GUNTUR,ANDHRA PRADESH,GUNTUR,100.0,100.0,fuzzy_auto,False
MAHARASHTRA,YAVATMAL,MAHARASHTRA,YAVATMAL,100.0,100.0,fuzzy_auto,False
MADHYA PRADESH,NIWARI,MADHYA PRADESH,NARSIMHAPUR,100.0,65.45454545454547,fuzzy_review,True
GUJARAT,BHARUCH,GUJARAT,BHARUCH,100.0,100.0,fuzzy_auto,False
WEST BENGAL,UTTAR DINAJPUR,WEST BENGAL,UTTAR DINAJPUR,100.0,100.0,fuzzy_auto,False
BIHAR,MUNGER,BIHAR,MUNGER,100.0,100.0,fuzzy_auto,False
MADHYA PRADESH,EAST NIMAR,MADHYA PRADESH,KHANDWA (EAST NIMAR),100.0,90.0,fuzzy_auto,False
MAHARASHTRA,LATUR,MAHARASHTRA,LATUR,100.0,100.0,fuzzy_auto,False
HARYANA,AMBALA,HARYANA,AMBALA,100.0,100.0,fuzzy_auto,False
PUNJAB,BATHINDA,PUNJAB,BATHINDA,100.0,100.0,fuzzy_auto,False
JAMMU AND KASHMIR,RAMBAN,JAMMU & KASHMIR,RAMBAN,100.0,100.0,fuzzy_auto,False
UTTAR PRADESH,LUCKNOW,UTTAR PRADESH,LUCKNOW,100.0,100.0,fuzzy_auto,False
MAHARASHTRA,NANDURBAR,MAHARASHTRA,NANDURBAR,100.0,100.0,fuzzy_auto,False
TAMIL NADU,THENI,TAMIL NADU,THENI,100.0,100.0,fuzzy_auto,False
TELANGANA,BHADRADRI KOTHAGUDEM,ANDHRA PRADESH,KHAMMAM,100.0,100.0,telangana_proxy,False
UTTARAKHAND,NAINITAL,UTTARAKHAND,NAINITAL,100.0,100.0,fuzzy_auto,False
MADHYA PRADESH,BHOPAL,MADHYA PRADESH,BHOPAL,100.0,100.0,fuzzy_auto,False
ANDHRA PRADESH,KHAMMAM,ANDHRA PRADESH,KHAMMAM,100.0,100.0,fuzzy_auto,False
TAMIL NADU,TIRUPATTUR,TAMIL NADU,TIRUPPUR,100.0,77.77777777777779,fuzzy_review,True
TELANGANA,MAHABUBNAGAR,ANDHRA PRADESH,MAHBUBNAGAR,100.0,100.0,telangana_proxy,False
ASSAM,BARPETA,ASSAM,BARPETA,100.0,100.0,fuzzy_auto,False
ODISHA,CUTTACK,ODISHA,CUTTACK,100.0,100.0,fuzzy_auto,False
CHHATTISGARH,JASHPUR,CHHATTISGARH,JASHPUR,100.0,100.0,fuzzy_auto,False
GUJARAT,GIR SOMNATH,GUJARAT,PATAN,100.0,45.0,fuzzy_review,True
MAHARASHTRA,KOLHAPUR,MAHARASHTRA,KOLHAPUR,100.0,100.0,fuzzy_auto,False
MADHYA PRADESH,DATIA,MADHYA PRADESH,DATIA,100.0,100.0,fuzzy_auto,False
RAJASTHAN,JHUNJHUNUN,RAJASTHAN,JHUNJHUNUN,100.0,100.0,fuzzy_auto,False
GUJARAT,JUNAGADH,GUJARAT,JUNAGADH,100.0,100.0,fuzzy_auto,False
MADHYA PRADESH,SEONI,MADHYA PRADESH,SEONI,100.0,100.0,fuzzy_auto,False
UTTAR PRADESH,AGRA,UTTAR PRADESH,AGRA,100.0,100.0,fuzzy_auto,False
MAHARASHTRA,THANE,MAHARASHTRA,THANE,100.0,100.0,fuzzy_auto,False
HARYANA,REWARI,HARYANA,REWARI,100.0,100.0,fuzzy_auto,False
HIMACHAL PRADESH,BILASPUR,HIMACHAL PRADESH,BILASPUR,100.0,100.0,fuzzy_auto,False
MAHARASHTRA,RAIGARH,MAHARASHTRA,RAIGARH,100.0,100.0,fuzzy_auto,False
TAMIL NADU,THIRUVARUR,TAMIL NADU,THIRUVARUR,100.0,100.0,fuzzy_auto,False
HARYANA,JHAJJAR,HARYANA,JHAJJAR,100.0,100.0,fuzzy_auto,False
UTTAR PRADESH,SANT KABIR NAGAR,UTTAR PRADESH,SANT KABIR NAGAR,100.0,100.0,fuzzy_auto,False
TELANGANA,JAGITIAL,ANDHRA PRADESH,KARIMNAGAR,100.0,100.0,telangana_proxy,False
ANDHRA PRADESH,ANANTAPUR,ANDHRA PRADESH,ANANTAPUR,100.0,100.0,fuzzy_auto,False
TAMIL NADU,KARUR,TAMIL NADU,KARUR,100.0,100.0,fuzzy_auto,False
BIHAR,ARWAL,BIHAR,ARWAL,100.0,100.0,fuzzy_auto,False
UTTAR PRADESH,SHRAWASTI,UTTAR PRADESH,SHRAWASTI,100.0,100.0,fuzzy_auto,False
ASSAM,GOLAGHAT,ASSAM,GOLAGHAT,100.0,100.0,fuzzy_auto,False
MADHYA PRADESH,UJJAIN,MADHYA PRADESH,UJJAIN,100.0,100.0,fuzzy_auto,False
RAJASTHAN,SIROHI,RAJASTHAN,SIROHI,100.0,100.0,fuzzy_auto,False
JAMMU AND KASHMIR,SAMBA,JAMMU & KASHMIR,SAMBA,100.0,100.0,fuzzy_auto,False
TELANGANA,NIZAMABAD,ANDHRA PRADESH,NIZAMABAD,100.0,100.0,telangana_proxy,False
RAJASTHAN,BHILWARA,RAJASTHAN,BHILWARA,100.0,100.0,fuzzy_auto,False
WEST BENGAL,DARJEELING,WEST BENGAL,DARJILING,100.0,100.0,manual_override,False
ASSAM,MARIGAON,ASSAM,MORIGAON,100.0,87.5,fuzzy_auto,False
MADHYA PRADESH,RAJGARH,MADHYA PRADESH,RAJGARH,100.0,100.0,fuzzy_auto,False
JHARKHAND,LOHARDAGA,JHARKHAND,LOHARDAGA,100.0,100.0,fuzzy_auto,False
MAHARASHTRA,AKOLA,MAHARASHTRA,AKOLA,100.0,100.0,fuzzy_auto,False
TAMIL NADU,PUDUKKOTTAI,TAMIL NADU,PUDUKKOTTAI,100.0,100.0,fuzzy_auto,False
BIHAR,SIWAN,BIHAR,SIWAN,100.0,100.0,fuzzy_auto,False
PUNJAB,PATIALA,PUNJAB,PATIALA,100.0,100.0,fuzzy_auto,False
MADHYA PRADESH,KATNI,MADHYA PRADESH,KATNI,100.0,100.0,fuzzy_auto,False
TAMIL NADU,SIVAGANGA,TAMIL NADU,SIVAGANGA,100.0,100.0,fuzzy_auto,False
JAMMU AND KASHMIR,BUDGAM,JAMMU & KASHMIR,BADGAM,100.0,100.0,manual_override,False
ASSAM,KAMRUP METRO,ASSAM,KAMRUP,100.0,90.0,fuzzy_auto,False
PUNJAB,KAPURTHALA,PUNJAB,KAPURTHALA,100.0,100.0,fuzzy_auto,False
MAHARASHTRA,BEED,MAHARASHTRA,NANDED,100.0,60.00000000000001,fuzzy_review,True
GUJARAT,BANASKANTHA,GUJARAT,BANAS KANTHA,100.0,95.65217391304348,fuzzy_auto,False
ASSAM,SONITPUR,ASSAM,SONITPUR,100.0,100.0,fuzzy_auto,False
RAJASTHAN,TONK,RAJASTHAN,TONK,100.0,100.0,fuzzy_auto,False
UTTAR PRADESH,BHADOHI,UTTAR PRADESH,SANT RAVIDAS NAGAR (BHADOHI),100.0,90.0,fuzzy_auto,False
ASSAM,DIBRUGARH,ASSAM,DIBRUGARH,100.0,100.0,fuzzy_auto,False
PUNJAB,SANGRUR,PUNJAB,SANGRUR,100.0,100.0,fuzzy_auto,False
KERALA,THIRUVANANTHAPURAM,KERALA,THIRUVANANTHAPURAM,100.0,100.0,fuzzy_auto,False
MADHYA PRADESH,NARMADAPURAM,MADHYA PRADESH,NARSIMHAPUR,100.0,69.56521739130434,fuzzy_review,True
ASSAM,JORHAT,ASSAM,JORHAT,100.0,100.0,fuzzy_auto,False
RAJASTHAN,HANUMANGARH,RAJASTHAN,HANUMANGARH,100.0,100.0,fuzzy_auto,False
MADHYA PRADESH,BARWANI,MADHYA PRADESH,BARWANI,100.0,100.0,fuzzy_auto,False
WEST BENGAL,BIRBHUM,WEST BENGAL,BIRBHUM,100.0,100.0,fuzzy_auto,False
MAHARASHTRA,DHULE,MAHARASHTRA,DHULE,100.0,100.0,fuzzy_auto,False
KARNATAKA,GADAG *,KARNATAKA,GADAG,100.0,95.0,fuzzy_auto,False
WEST BENGAL,MALDA,WEST BENGAL,MALDAH,100.0,90.9090909090909,fuzzy_auto,False
CHHATTISGARH,KANKER,CHHATTISGARH,UTTAR BASTAR KANKER,100.0,90.0,fuzzy_auto,False
TELANGANA,YADADRI.,GOA,NORTH GOA,60.00000000000001,22.35294117647059,fuzzy_review,True
UTTAR PRADESH,GHAZIABAD,UTTAR PRADESH,GHAZIABAD,100.0,100.0,fuzzy_auto,False
ASSAM,CACHAR,ASSAM,CACHAR,100.0,100.0,fuzzy_auto,False
UTTAR PRADESH,LALITPUR,UTTAR PRADESH,LALITPUR,100.0,100.0,fuzzy_auto,False
CHHATTISGARH,BASTAR,CHHATTISGARH,BASTAR,100.0,100.0,fuzzy_auto,False
ODISHA,BOUDH,ODISHA,BAUDH,100.0,100.0,manual_override,False
HARYANA,BHIWANI,HARYANA,BHIWANI,100.0,100.0,fuzzy_auto,False
MADHYA PRADESH,MANDLA,MADHYA PRADESH,MANDLA,100.0,100.0,fuzzy_auto,False
MEGHALAYA,RI BHOI,MEGHALAYA,RIBHOI,100.0,92.3076923076923,fuzzy_auto,False
JHARKHAND,SIMDEGA,JHARKHAND,SIMDEGA,100.0,100.0,fuzzy_auto,False
CHHATTISGARH,JANJGIR-CHAMPA,CHHATTISGARH,JANJGIR - CHAMPA,100.0,93.33333333333331,fuzzy_auto,False
ODISHA,JAGATSINGHAPUR,ODISHA,JAGATSINGHAPUR,100.0,100.0,fuzzy_auto,False
ASSAM,BAKSA,ASSAM,BAKSA,100.0,100.0,fuzzy_auto,False
GUJARAT,DOHAD,GUJARAT,DOHAD,100.0,100.0,fuzzy_auto,False
PUNJAB,SAS NAGAR (MOHALI),PUNJAB,MOGA,100.0,67.5,fuzzy_review,True
KARNATAKA,DHARWAD,KARNATAKA,DHARWAD,100.0,100.0,fuzzy_auto,False
UTTAR PRADESH,MEERUT,UTTAR PRADESH,MEERUT,100.0,100.0,fuzzy_auto,False
UTTAR PRADESH,MATHURA,UTTAR PRADESH,MATHURA,100.0,100.0,fuzzy_auto,False
MADHYA PRADESH,SHIVPURI,MADHYA PRADESH,SHIVPURI,100.0,100.0,fuzzy_auto,False
JHARKHAND,GUMLA,JHARKHAND,GUMLA,100.0,100.0,fuzzy_auto,False
UTTARAKHAND,UTTARKASHI,UTTARAKHAND,UTTARKASHI,100.0,100.0,fuzzy_auto,False
RAJASTHAN,BANSWARA,RAJASTHAN,BANSWARA,100.0,100.0,fuzzy_auto,False
ANDHRA PRADESH,BAPATLA,ANDHRA PRADESH,VISAKHAPATNAM,100.0,64.28571428571429,fuzzy_review,True
TAMIL NADU,KANNIYAKUMARI,TAMIL NADU,KANNIYAKUMARI,100.0,100.0,fuzzy_auto,False
MADHYA PRADESH,BURHANPUR,MADHYA PRADESH,BURHANPUR,100.0,100.0,fuzzy_auto,False
UTTAR PRADESH,ALLAHABAD,UTTAR PRADESH,ALLAHABAD,100.0,100.0,fuzzy_auto,False
KARNATAKA,BELLARY,KARNATAKA,BELLARY,100.0,100.0,fuzzy_auto,False
PUNJAB,FAZILKA,PUNJAB,PATIALA,100.0,57.14285714285714,fuzzy_review,True
BIHAR,KAIMUR (BHABUA),BIHAR,KAIMUR (BHABUA),100.0,100.0,fuzzy_auto,False
TELANGANA,KAMAREDDY,ANDHRA PRADESH,NIZAMABAD,100.0,100.0,telangana_proxy,False
UTTAR PRADESH,ETAH,UTTAR PRADESH,ETAH,100.0,100.0,fuzzy_auto,False
UTTAR PRADESH,ETAWAH,UTTAR PRADESH,ETAWAH,100.0,100.0,fuzzy_auto,False
BIHAR,VAISHALI,BIHAR,VAISHALI,100.0,100.0,fuzzy_auto,False
UTTAR PRADESH,GAUTAM BUDDHA NAGAR,UTTAR PRADESH,GAUTAM BUDDHA NAGAR,100.0,100.0,fuzzy_auto,False
UTTARAKHAND,HARIDWAR,UTTARAKHAND,HARDWAR,100.0,93.33333333333331,fuzzy_auto,False
MADHYA PRADESH,DHAR,MADHYA PRADESH,DHAR,100.0,100.0,fuzzy_auto,False
ODISHA,BALANGIR,ODISHA,BALANGIR,100.0,100.0,fuzzy_auto,False
UTTAR PRADESH,HATHRAS,UTTAR PRADESH,MATHURA,100.0,71.42857142857143,fuzzy_review,True
ASSAM,SIBSAGAR,ASSAM,SIVASAGAR,100.0,100.0,manual_override,False
ANDHRA PRADESH,RANGAREDDI,ANDHRA PRADESH,RANGAREDDY,100.0,90.0,fuzzy_auto,False
MAHARASHTRA,NANDED,MAHARASHTRA,NANDED,100.0,100.0,fuzzy_auto,False
ASSAM,BONGAIGAON,ASSAM,BONGAIGAON,100.0,100.0,fuzzy_auto,False
JAMMU AND KASHMIR,BANDIPORE,JAMMU & KASHMIR,BANDIPORE,100.0,100.0,fuzzy_auto,False
UTTARAKHAND,CHAMOLI,UTTARAKHAND,CHAMOLI,100.0,100.0,fuzzy_auto,False
MANIPUR,IMPHAL EAST,MANIPUR,IMPHAL EAST,100.0,100.0,fuzzy_auto,False
ANDHRA PRADESH,WARANGAL,ANDHRA PRADESH,WARANGAL,100.0,100.0,fuzzy_auto,False
HARYANA,JIND,HARYANA,JIND,100.0,100.0,fuzzy_auto,False
RAJASTHAN,KOTA,RAJASTHAN,KOTA,100.0,100.0,fuzzy_auto,False
UTTARAKHAND,UDHAM SINGH NAGAR,UTTARAKHAND,UDHAM SINGH NAGAR,100.0,100.0,fuzzy_auto,False
DELHI,NORTH WEST DELHI,NCT OF DELHI,NORTH,90.0,90.0,fuzzy_auto,False
UTTARAKHAND,CHAMPAWAT,UTTARAKHAND,CHAMPAWAT,100.0,100.0,fuzzy_auto,False
MADHYA PRADESH,SHAHDOL,MADHYA PRADESH,SHAHDOL,100.0,100.0,fuzzy_auto,False
HIMACHAL PRADESH,UNA,HIMACHAL PRADESH,UNA,100.0,100.0,fuzzy_auto,False
HARYANA,SIRSA,HARYANA,SIRSA,100.0,100.0,fuzzy_auto,False
HARYANA,MEWAT,HARYANA,MEWAT,100.0,100.0,fuzzy_auto,False
TELANGANA,SURYAPET,ANDHRA PRADESH,NALGONDA,100.0,100.0,telangana_proxy,False
HARYANA,FARIDABAD,HARYANA,FARIDABAD,100.0,100.0,fuzzy_auto,False
DELHI,EAST DELHI,NCT OF DELHI,EAST,90.0,90.0,fuzzy_auto,False
PUNJAB,GURDASPUR,PUNJAB,GURDASPUR,100.0,100.0,fuzzy_auto,False
CHHATTISGARH,MAHASAMUND,CHHATTISGARH,MAHASAMUND,100.0,100.0,fuzzy_auto,False
RAJASTHAN,BARAN,RAJASTHAN,BARAN,100.0,100.0,fuzzy_auto,False
ANDHRA PRADESH,SRI SATHYA SAI,ANDHRA PRADESH,SRI POTTI SRIRAMULU NELLORE,100.0,85.5,fuzzy_auto,False
CHHATTISGARH,SURGUJA,CHHATTISGARH,SURGUJA,100.0,100.0,fuzzy_auto,False
CHHATTISGARH,RAIPUR,CHHATTISGARH,RAIPUR,100.0,100.0,fuzzy_auto,False
MADHYA PRADESH,BALAGHAT,MADHYA PRADESH,BALAGHAT,100.0,100.0,fuzzy_auto,False
HARYANA,YAMUNA NAGAR,HARYANA,YAMUNANAGAR,100.0,95.65217391304348,fuzzy_auto,False
TAMIL NADU,MADURAI,TAMIL NADU,MADURAI,100.0,100.0,fuzzy_auto,False
DELHI,SHAHDARA,NCT OF DELHI,SOUTH,90.0,51.42857142857142,fuzzy_review,True
UTTAR PRADESH,RAMPUR,UTTAR PRADESH,RAMPUR,100.0,100.0,fuzzy_auto,False
JAMMU AND KASHMIR,KUPWARA,JAMMU & KASHMIR,KUPWARA,100.0,100.0,fuzzy_auto,False
MADHYA PRADESH,DINDORI,MADHYA PRADESH,DINDORI,100.0,100.0,fuzzy_auto,False
JAMMU AND KASHMIR,KULGAM,JAMMU & KASHMIR,KULGAM,100.0,100.0,fuzzy_auto,False
MAHARASHTRA,GADCHIROLI,MAHARASHTRA,GADCHIROLI,100.0,100.0,fuzzy_auto,False
DELHI,NORTH DELHI,NCT OF DELHI,NORTH,90.0,90.0,fuzzy_auto,False
MAHARASHTRA,MUMBAI CITY,MAHARASHTRA,MUMBAI,100.0,90.0,fuzzy_auto,False
KARNATAKA,HAVERI,KARNATAKA,HAVERI,100.0,100.0,fuzzy_auto,False
DELHI,WEST DELHI,NCT OF DELHI,WEST,90.0,90.0,fuzzy_auto,False
RAJASTHAN,BARMER,RAJASTHAN,BARMER,100.0,100.0,fuzzy_auto,False
CHHATTISGARH,BALOD,CHHATTISGARH,DAKSHIN BASTAR DANTEWADA,100.0,48.85714285714285,fuzzy_review,True
PUNJAB,FEROZEPUR,PUNJAB,FIROZPUR,100.0,100.0,manual_override,False
MADHYA PRADESH,SAGAR,MADHYA PRADESH,SAGAR,100.0,100.0,fuzzy_auto,False
PUNJAB,HOSHIARPUR,PUNJAB,HOSHIARPUR,100.0,100.0,fuzzy_auto,False
CHHATTISGARH,KORIYA,CHHATTISGARH,KORIYA,100.0,100.0,fuzzy_auto,False
UTTAR PRADESH,BAREILLY,UTTAR PRADESH,BAREILLY,100.0,100.0,fuzzy_auto,False
JAMMU AND KASHMIR,PUNCH,JAMMU & KASHMIR,PUNCH,100.0,100.0,fuzzy_auto,False
MADHYA PRADESH,RAISEN,MADHYA PRADESH,RAISEN,100.0,100.0,fuzzy_auto,False
HARYANA,MAHENDRAGARH,HARYANA,MAHENDRAGARH,100.0,100.0,fuzzy_auto,False
MIZORAM,SERCHHIP,MIZORAM,SERCHHIP,100.0,100.0,fuzzy_auto,False
UTTARAKHAND,PAURI GARHWAL,UTTARAKHAND,GARHWAL,100.0,90.0,fuzzy_auto,False
HARYANA,KURUKSHETRA,HARYANA,KURUKSHETRA,100.0,100.0,fuzzy_auto,False
MADHYA PRADESH,ANUPPUR,MADHYA PRADESH,ANUPPUR,100.0,100.0,fuzzy_auto,False
HARYANA,FATEHABAD,HARYANA,FATEHABAD,100.0,100.0,fuzzy_auto,False
CHHATTISGARH,DURG,CHHATTISGARH,DURG,100.0,100.0,fuzzy_auto,False
CHHATTISGARH,KORBA,CHHATTISGARH,KORBA,100.0,100.0,fuzzy_auto,False
MADHYA PRADESH,VIDISHA,MADHYA PRADESH,VIDISHA,100.0,100.0,fuzzy_auto,False
MADHYA PRADESH,DEWAS,MADHYA PRADESH,DEWAS,100.0,100.0,fuzzy_auto,False
MADHYA PRADESH,RATLAM,MADHYA PRADESH,RATLAM,100.0,100.0,fuzzy_auto,False
MIZORAM,KOLASIB,MIZORAM,KOLASIB,100.0,100.0,fuzzy_auto,False
KARNATAKA,RAMANAGAR,KARNATAKA,RAMANAGARA,100.0,94.73684210526316,fuzzy_auto,False
JAMMU AND KASHMIR,DODA,JAMMU & KASHMIR,DODA,100.0,100.0,fuzzy_auto,False
ANDHRA PRADESH,SRI POTTI SRIRAMULU NELLORE,ANDHRA PRADESH,SRI POTTI SRIRAMULU NELLORE,100.0,100.0,fuzzy_auto,False
MADHYA PRADESH,ASHOK NAGAR,MADHYA PRADESH,ASHOKNAGAR,100.0,95.23809523809524,fuzzy_auto,False
CHHATTISGARH,MUNGELI,CHHATTISGARH,DURG,100.0,45.0,fuzzy_review,True
CHHATTISGARH,RAJNANDGAON,CHHATTISGARH,RAJNANDGAON,100.0,100.0,fuzzy_auto,False
TAMIL NADU,VILUPPURAM,TAMIL NADU,VILUPPURAM,100.0,100.0,fuzzy_auto,False
MADHYA PRADESH,SIDHI,MADHYA PRADESH,SIDHI,100.0,100.0,fuzzy_auto,False
KARNATAKA,BIDAR,KARNATAKA,BIDAR,100.0,100.0,fuzzy_auto,False
UTTAR PRADESH,JHANSI,UTTAR PRADESH,JHANSI,100.0,100.0,fuzzy_auto,False
GUJARAT,BHAVNAGAR,GUJARAT,BHAVNAGAR,100.0,100.0,fuzzy_auto,False
MADHYA PRADESH,JHABUA,MADHYA PRADESH,JHABUA,100.0,100.0,fuzzy_auto,False
PUDUCHERRY,PUDUCHERRY,PUDUCHERRY,PUDUCHERRY,100.0,100.0,fuzzy_auto,False
HARYANA,CHARKHI DADRI,HARYANA,HISAR,100.0,60.00000000000001,fuzzy_review,True
ANDHRA PRADESH,TIRUPATI,ANDHRA PRADESH,SRI POTTI SRIRAMULU NELLORE,100.0,45.0,fuzzy_review,True
MADHYA PRADESH,HARDA,MADHYA PRADESH,HARDA,100.0,100.0,fuzzy_auto,False
ANDHRA PRADESH,Y. S. R,ANDHRA PRADESH,Y.S.R.,100.0,95.0,manual_override,False
MADHYA PRADESH,BHIND,MADHYA PRADESH,BHIND,100.0,100.0,fuzzy_auto,False
PUNJAB,TARN TARAN,PUNJAB,TARN TARAN,100.0,100.0,fuzzy_auto,False
KARNATAKA,YADGIR,KARNATAKA,YADGIR,100.0,100.0,fuzzy_auto,False
KARNATAKA,BANGALORE RURAL,KARNATAKA,BANGALORE RURAL,100.0,100.0,fuzzy_auto,False
KARNATAKA,VIJAYANAGARA,KARNATAKA,RAMANAGARA,100.0,72.72727272727273,fuzzy_review,True
CHHATTISGARH,BALRAMPUR,CHHATTISGARH,RAIPUR,100.0,75.00000000000001,fuzzy_review,True
MAHARASHTRA,RAIGAD,MAHARASHTRA,RAIGARH,100.0,76.92307692307692,fuzzy_review,True
ASSAM,KOKRAJHAR,ASSAM,KOKRAJHAR,100.0,100.0,fuzzy_auto,False
HIMACHAL PRADESH,SHIMLA,HIMACHAL PRADESH,SHIMLA,100.0,100.0,fuzzy_auto,False
UTTAR PRADESH,PILIBHIT,UTTAR PRADESH,PILIBHIT,100.0,100.0,fuzzy_auto,False
SIKKIM,WEST SIKKIM,SIKKIM,WEST DISTRICT,100.0,100.0,manual_override,False
MADHYA PRADESH,ALIRAJPUR,MADHYA PRADESH,ALIRAJPUR,100.0,100.0,fuzzy_auto,False
JHARKHAND,PALAMU,JHARKHAND,PALAMU,100.0,100.0,fuzzy_auto,False
RAJASTHAN,KARAULI,RAJASTHAN,KARAULI,100.0,100.0,fuzzy_auto,False
JHARKHAND,DEOGHAR,JHARKHAND,DEOGHAR,100.0,100.0,fuzzy_auto,False
ANDHRA PRADESH,NELLORE,ANDHRA PRADESH,SRI POTTI SRIRAMULU NELLORE,100.0,90.0,fuzzy_auto,False
MAHARASHTRA,SINDHUDURG,MAHARASHTRA,SINDHUDURG,100.0,100.0,fuzzy_auto,False
KARNATAKA,CHICKMAGALUR,KARNATAKA,CHIKMAGALUR,100.0,95.65217391304348,fuzzy_auto,False
UTTAR PRADESH,HAMIRPUR,UTTAR PRADESH,HAMIRPUR,100.0,100.0,fuzzy_auto,False
ODISHA,JHARSUGUDA,ODISHA,JHARSUGUDA,100.0,100.0,fuzzy_auto,False
BIHAR,BEGUSARAI,BIHAR,BEGUSARAI,100.0,100.0,fuzzy_auto,False
MAHARASHTRA,WASHIM,MAHARASHTRA,WASHIM,100.0,100.0,fuzzy_auto,False
LADAKH,KARGIL,JAMMU & KASHMIR,KARGIL,100.0,100.0,fuzzy_auto,False
JHARKHAND,DUMKA,JHARKHAND,DUMKA,100.0,100.0,fuzzy_auto,False
PUNJAB,PATHANKOT,PUNJAB,PATIALA,100.0,50.0,fuzzy_review,True
ODISHA,KALAHANDI,ODISHA,KALAHANDI,100.0,100.0,fuzzy_auto,False
UTTAR PRADESH,SHAMLI,UTTAR PRADESH,KAUSHAMBI,100.0,75.00000000000001,fuzzy_review,True
UTTAR PRADESH,MAHOBA,UTTAR PRADESH,MAHOBA,100.0,100.0,fuzzy_auto,False
ANDHRA PRADESH,ADILABAD,ANDHRA PRADESH,ADILABAD,100.0,100.0,fuzzy_auto,False
MADHYA PRADESH,PANNA,MADHYA PRADESH,PANNA,100.0,100.0,fuzzy_auto,False
UTTARAKHAND,BAGESHWAR,UTTARAKHAND,BAGESHWAR,100.0,100.0,fuzzy_auto,False
CHHATTISGARH,DHAMTARI,CHHATTISGARH,DHAMTARI,100.0,100.0,fuzzy_auto,False
GUJARAT,NAVSARI,GUJARAT,NAVSARI,100.0,100.0,fuzzy_auto,False
KERALA,PALAKKAD,KERALA,PALAKKAD,100.0,100.0,fuzzy_auto,False
ODISHA,SUNDERGARH,ODISHA,SUNDARGARH,100.0,90.0,fuzzy_auto,False
UTTAR PRADESH,SAMBHAL,UTTAR PRADESH,SHAHJAHANPUR,100.0,55.38461538461539,fuzzy_review,True
KERALA,WAYANAD,KERALA,WAYANAD,100.0,100.0,fuzzy_auto,False
JHARKHAND,SAHEBGANJ,JHARKHAND,SAHIBGANJ,100.0,88.88888888888889,fuzzy_auto,False
UTTAR PRADESH,SANT RAVIDAS NAGAR,UTTAR PRADESH,SANT RAVIDAS NAGAR (BHADOHI),100.0,90.0,fuzzy_auto,False
BIHAR,NALANDA,BIHAR,NALANDA,100.0,100.0,fuzzy_auto,False
ODISHA,RAYAGADA,ODISHA,RAYAGADA,100.0,100.0,fuzzy_auto,False
ASSAM,DHUBRI,ASSAM,DHUBRI,100.0,100.0,fuzzy_auto,False
MEGHALAYA,WEST KHASI HILLS,MEGHALAYA,WEST KHASI HILLS,100.0,100.0,fuzzy_auto,False
UTTARAKHAND,ALMORA,UTTARAKHAND,ALMORA,100.0,100.0,fuzzy_auto,False
MAHARASHTRA,SANGLI,MAHARASHTRA,SANGLI,100.0,100.0,fuzzy_auto,False
HIMACHAL PRADESH,SOLAN,HIMACHAL PRADESH,SOLAN,100.0,100.0,fuzzy_auto,False
UTTARAKHAND,RUDRAPRAYAG,UTTARAKHAND,RUDRAPRAYAG,100.0,100.0,fuzzy_auto,False
KARNATAKA,BANGALORE,KARNATAKA,BANGALORE,100.0,100.0,fuzzy_auto,False
BIHAR,SUPAUL,BIHAR,SUPAUL,100.0,100.0,fuzzy_auto,False
TRIPURA,KHOWAI,TRIPURA,DHALAI,100.0,50.0,fuzzy_review,True
ASSAM,DARRANG,ASSAM,DARRANG,100.0,100.0,fuzzy_auto,False
CHHATTISGARH,RAIGARH,CHHATTISGARH,RAIGARH,100.0,100.0,fuzzy_auto,False
TELANGANA,JANGOAN,ANDHRA PRADESH,WARANGAL,100.0,100.0,telangana_proxy,False
UTTAR PRADESH,KANPUR DEHAT,UTTAR PRADESH,KANPUR DEHAT,100.0,100.0,fuzzy_auto,False
CHHATTISGARH,GARIYABAND,CHHATTISGARH,KORIYA,100.0,60.00000000000001,fuzzy_review,True
BIHAR,AURANGABAD,BIHAR,AURANGABAD,100.0,100.0,fuzzy_auto,False
BIHAR,JEHANABAD,BIHAR,JEHANABAD,100.0,100.0,fuzzy_auto,False
MADHYA PRADESH,SINGRAULI,MADHYA PRADESH,SINGRAULI,100.0,100.0,fuzzy_auto,False
JHARKHAND,KODARMA,JHARKHAND,KODARMA,100.0,100.0,fuzzy_auto,False
TAMIL NADU,THANJAVUR,TAMIL NADU,THANJAVUR,100.0,100.0,fuzzy_auto,False
ANDHRA PRADESH,MAHBUBNAGAR,ANDHRA PRADESH,MAHBUBNAGAR,100.0,100.0,fuzzy_auto,False
JHARKHAND,HAZARIBAGH,JHARKHAND,HAZARIBAGH,100.0,100.0,fuzzy_auto,False
SIKKIM,EAST,SIKKIM,EAST DISTRICT,100.0,90.0,fuzzy_auto,False
ODISHA,DEBAGARH,ODISHA,DEBAGARH,100.0,100.0,fuzzy_auto,False
GUJARAT,PANCHMAHALS,GUJARAT,PANCH MAHALS,100.0,95.65217391304348,fuzzy_auto,False
TRIPURA,WEST TRIPURA,TRIPURA,WEST TRIPURA,100.0,100.0,fuzzy_auto,False
GUJARAT,AMRELI,GUJARAT,AMRELI,100.0,100.0,fuzzy_auto,False
ANDHRA PRADESH,KARIMNAGAR,ANDHRA PRADESH,KARIMNAGAR,100.0,100.0,fuzzy_auto,False
JHARKHAND,WEST SINGHBHUM,JHARKHAND,PASHCHIMI SINGHBHUM,100.0,74.34782608695652,fuzzy_review,True
BIHAR,MADHEPURA,BIHAR,MADHEPURA,100.0,100.0,fuzzy_auto,False
UTTAR PRADESH,BAGHPAT,UTTAR PRADESH,BAGHPAT,100.0,100.0,fuzzy_auto,False
ODISHA,SONAPUR,ODISHA,PURI,100.0,77.14285714285715,fuzzy_review,True
ASSAM,DHEMAJI,ASSAM,DHEMAJI,100.0,100.0,fuzzy_auto,False
JHARKHAND,SERAIKELA-KHARSAWAN,JHARKHAND,SARAIKELA-KHARSAWAN,100.0,94.73684210526316,fuzzy_auto,False
ANDHRA PRADESH,MEDAK,ANDHRA PRADESH,MEDAK,100.0,100.0,fuzzy_auto,False
NAGALAND,ZUNHEBOTO,NAGALAND,ZUNHEBOTO,100.0,100.0,fuzzy_auto,False
BIHAR,BHAGALPUR,BIHAR,BHAGALPUR,100.0,100.0,fuzzy_auto,False
UTTAR PRADESH,KUSHINAGAR,UTTAR PRADESH,KUSHINAGAR,100.0,100.0,fuzzy_auto,False
WEST BENGAL,KALIMPONG,WEST BENGAL,DARJILING,100.0,55.55555555555556,fuzzy_review,True
WEST BENGAL,JHARGRAM,WEST BENGAL,HAORA,100.0,61.53846153846154,fuzzy_review,True
BIHAR,LAKHISARAI,BIHAR,LAKHISARAI,100.0,100.0,fuzzy_auto,False
GUJARAT,TAPI,GUJARAT,TAPI,100.0,100.0,fuzzy_auto,False
MAHARASHTRA,GONDIYA,MAHARASHTRA,GONDIYA,100.0,100.0,fuzzy_auto,False
MEGHALAYA,EAST KHASI HILLS,MEGHALAYA,EAST KHASI HILLS,100.0,100.0,fuzzy_auto,False
MAHARASHTRA,CHHATRAPATI SAMBHAJINAGAR,MAHARASHTRA,AMRAVATI,100.0,67.5,fuzzy_review,True
RAJASTHAN,SAWAI MADHOPUR,RAJASTHAN,SAWAI MADHOPUR,100.0,100.0,fuzzy_auto,False
RAJASTHAN,JAISALMER,RAJASTHAN,JAISALMER,100.0,100.0,fuzzy_auto,False
JHARKHAND,RANCHI,JHARKHAND,RANCHI,100.0,100.0,fuzzy_auto,False
TELANGANA,MANCHERIAL,ANDHRA PRADESH,ADILABAD,100.0,100.0,telangana_proxy,False
UTTAR PRADESH,MIRZAPUR,UTTAR PRADESH,MIRZAPUR,100.0,100.0,fuzzy_auto,False
WEST BENGAL,COOCH BEHAR,WEST BENGAL,KOCH BIHAR,100.0,100.0,manual_override,False
MANIPUR,SENAPATI,MANIPUR,SENAPATI,100.0,100.0,fuzzy_auto,False
PUDUCHERRY,KARAIKAL,PUDUCHERRY,KARAIKAL,100.0,100.0,fuzzy_auto,False
CHHATTISGARH,BEMETARA,CHHATTISGARH,BASTAR,100.0,57.14285714285714,fuzzy_review,True
UTTAR PRADESH,BUDAUN,UTTAR PRADESH,BUDAUN,100.0,100.0,fuzzy_auto,False
ASSAM,HOJAI,ASSAM,HAILAKANDI,100.0,67.5,fuzzy_review,True
JHARKHAND,GODDA,JHARKHAND,GODDA,100.0,100.0,fuzzy_auto,False
KERALA,KOTTAYAM,KERALA,KOTTAYAM,100.0,100.0,fuzzy_auto,False
CHHATTISGARH,UTTAR BASTAR KANKER,CHHATTISGARH,UTTAR BASTAR KANKER,100.0,100.0,fuzzy_auto,False
TAMIL NADU,THOOTHUKKUDI,TAMIL NADU,THOOTHUKKUDI,100.0,100.0,fuzzy_auto,False
NAGALAND,DIMAPUR,NAGALAND,DIMAPUR,100.0,100.0,fuzzy_auto,False
UTTAR PRADESH,UNNAO,UTTAR PRADESH,UNNAO,100.0,100.0,fuzzy_auto,False
CHHATTISGARH,KONDAGAON,CHHATTISGARH,RAJNANDGAON,100.0,60.0,fuzzy_review,True
PUNJAB,FARIDKOT,PUNJAB,FARIDKOT,100.0,100.0,fuzzy_auto,False
MANIPUR,TAMENGLONG,MANIPUR,TAMENGLONG,100.0,100.0,fuzzy_auto,False
ODISHA,BARGARH,ODISHA,BARGARH,100.0,100.0,fuzzy_auto,False
MADHYA PRADESH,KHANDWA,MADHYA PRADESH,KHANDWA (EAST NIMAR),100.0,90.0,fuzzy_auto,False
KARNATAKA,HASAN,KARNATAKA,HASSAN,100.0,90.9090909090909,fuzzy_auto,False
JHARKHAND,CHATRA,JHARKHAND,CHATRA,100.0,100.0,fuzzy_auto,False
UTTAR PRADESH,JALAUN,UTTAR PRADESH,JALAUN,100.0,100.0,fuzzy_auto,False
WEST BENGAL,DAKSHIN DINAJPUR,WEST BENGAL,DAKSHIN DINAJPUR,100.0,100.0,fuzzy_auto,False
GUJARAT,MAHISAGAR,GUJARAT,MAHESANA,100.0,70.58823529411764,fuzzy_review,True
KERALA,KOLLAM,KERALA,KOLLAM,100.0,100.0,fuzzy_auto,False
TRIPURA,SOUTH TRIPURA,TRIPURA,SOUTH TRIPURA,100.0,100.0,fuzzy_auto,False
KARNATAKA,SHIMOGA,KARNATAKA,SHIMOGA,100.0,100.0,fuzzy_auto,False
GUJARAT,THE DANGS,GUJARAT,THE DANGS,100.0,100.0,fuzzy_auto,False
TELANGANA,NIRMAL,ANDHRA PRADESH,ADILABAD,100.0,100.0,telangana_proxy,False
HIMACHAL PRADESH,HAMIRPUR,HIMACHAL PRADESH,HAMIRPUR,100.0,100.0,fuzzy_auto,False
UTTAR PRADESH,HAPUR,UTTAR PRADESH,FATEHPUR,100.0,80.0,fuzzy_review,True
ODISHA,MALKANGIRI,ODISHA,MALKANGIRI,100.0,100.0,fuzzy_auto,False
MANIPUR,THOUBAL,MANIPUR,THOUBAL,100.0,100.0,fuzzy_auto,False
ARUNACHAL PRADESH,LOHIT,ARUNACHAL PRADESH,LOHIT,100.0,100.0,fuzzy_auto,False
CHHATTISGARH,GAURELA-PENDRA-MARWAHI,CHHATTISGARH,DHAMTARI,100.0,56.25,fuzzy_review,True
TELANGANA,KOMARAM BHEEM,ANDHRA PRADESH,ADILABAD,100.0,100.0,telangana_proxy,False
MADHYA PRADESH,WEST NIMAR,MADHYA PRADESH,KHARGONE (WEST NIMAR),100.0,90.0,fuzzy_auto,False
TRIPURA,NORTH TRIPURA,TRIPURA,NORTH TRIPURA,100.0,100.0,fuzzy_auto,False
BIHAR,BANKA,BIHAR,BANKA,100.0,100.0,fuzzy_auto,False
MIZORAM,LUNGLEI,MIZORAM,LUNGLEI,100.0,100.0,fuzzy_auto,False
JAMMU AND KASHMIR,KARGIL,JAMMU & KASHMIR,KARGIL,100.0,100.0,fuzzy_auto,False
RAJASTHAN,DUNGARPUR,RAJASTHAN,DUNGARPUR,100.0,100.0,fuzzy_auto,False
TELANGANA,WANAPARTHY,ANDHRA PRADESH,MAHBUBNAGAR,100.0,100.0,telangana_proxy,False
MANIPUR,BISHNUPUR,MANIPUR,BISHNUPUR,100.0,100.0,fuzzy_auto,False
CHHATTISGARH,BILASPUR,CHHATTISGARH,BILASPUR,100.0,100.0,fuzzy_auto,False
ODISHA,KANDHAMAL,ODISHA,KANDHAMAL,100.0,100.0,fuzzy_auto,False
MIZORAM,MAMIT,MIZORAM,MAMIT,100.0,100.0,fuzzy_auto,False
ASSAM,SOUTH SALMARA MANKACHAR,ASSAM,CACHAR,100.0,81.81818181818181,fuzzy_review,True
MADHYA PRADESH,MORENA,MADHYA PRADESH,MORENA,100.0,100.0,fuzzy_auto,False
ASSAM,NORTH CACHAR HILLS,ASSAM,CACHAR,100.0,90.0,fuzzy_auto,False
TELANGANA,MEDCHAL?MALKAJGIRI,GOA,NORTH GOA,60.00000000000001,26.307692307692307,fuzzy_review,True
ARUNACHAL PRADESH,KRA DAADI,ARUNACHAL PRADESH,TIRAP,100.0,51.3,fuzzy_review,True
CHHATTISGARH,SURAJPUR,CHHATTISGARH,RAIPUR,100.0,71.42857142857143,fuzzy_review,True
TELANGANA,MAHABUBABAD,ANDHRA PRADESH,WARANGAL,100.0,100.0,telangana_proxy,False
PUNJAB,MANSA,PUNJAB,MANSA,100.0,100.0,fuzzy_auto,False
JAMMU AND KASHMIR,UDHAMPUR,JAMMU & KASHMIR,UDHAMPUR,100.0,100.0,fuzzy_auto,False
MADHYA PRADESH,NARSIMHAPUR,MADHYA PRADESH,NARSIMHAPUR,100.0,100.0,fuzzy_auto,False
MIZORAM,SAIHA,MIZORAM,SAIHA,100.0,100.0,fuzzy_auto,False
CHHATTISGARH,SUKMA,CHHATTISGARH,KABEERDHAM,100.0,51.42857142857142,fuzzy_review,True
MANIPUR,JIRIBAM,MANIPUR,IMPHAL EAST,100.0,40.0,fuzzy_review,True
CHHATTISGARH,BIJAPUR,CHHATTISGARH,BIJAPUR,100.0,100.0,fuzzy_auto,False
TAMIL NADU,RANIPET,TAMIL NADU,RAMANATHAPURAM,100.0,51.42857142857142,fuzzy_review,True
UTTAR PRADESH,CHANDAULI,UTTAR PRADESH,CHANDAULI,100.0,100.0,fuzzy_auto,False
HARYANA,PANIPAT,HARYANA,PANIPAT,100.0,100.0,fuzzy_auto,False
JHARKHAND,KODERMA,JHARKHAND,KODARMA,100.0,85.71428571428572,fuzzy_auto,False
TAMIL NADU,THE NILGIRIS,TAMIL NADU,THE NILGIRIS,100.0,100.0,fuzzy_auto,False
KERALA,IDUKKI,KERALA,IDUKKI,100.0,100.0,fuzzy_auto,False
ASSAM,KAMRUP,ASSAM,KAMRUP,100.0,100.0,fuzzy_auto,False
TELANGANA,JAYASHANKAR BHUPALPALLY,ANDHRA PRADESH,WARANGAL,100.0,100.0,telangana_proxy,False
TELANGANA,WARANGAL URBAN,ANDHRA PRADESH,WARANGAL,100.0,100.0,telangana_proxy,False
BIHAR,SHEOHAR,BIHAR,SHEOHAR,100.0,100.0,fuzzy_auto,False
ARUNACHAL PRADESH,UPPER SIANG,ARUNACHAL PRADESH,UPPER SIANG,100.0,100.0,fuzzy_auto,False
MADHYA PRADESH,MAUGANJ,MADHYA PRADESH,SAGAR,100.0,50.0,fuzzy_review,True
DADRA AND NAGAR HAVELI AND DAMAN AND DIU,DIU,DADRA & NAGAR HAVELI,DADRA & NAGAR HAVELI,100.0,45.0,fuzzy_review,True
ANDHRA PRADESH,NALGONDA,ANDHRA PRADESH,NALGONDA,100.0,100.0,fuzzy_auto,False
PUNJAB,MALERKOTLA,PUNJAB,MOGA,100.0,60.00000000000001,fuzzy_review,True
NAGALAND,KIPHIRE,NAGALAND,KIPHIRE,100.0,100.0,fuzzy_auto,False
CHHATTISGARH,MOHLA-MANPUR-AMBAGARH CHOUKI,CHHATTISGARH,RAIGARH,100.0,71.25,fuzzy_review,True
HARYANA,PALWAL,HARYANA,PALWAL,100.0,100.0,fuzzy_auto,False
CHHATTISGARH,KHAIRAGARH CHHUIKHADAN GANDAI,CHHATTISGARH,RAIGARH,100.0,78.92307692307692,fuzzy_review,True
JAMMU AND KASHMIR,KISHTWAR,JAMMU & KASHMIR,KISHTWAR,100.0,100.0,fuzzy_auto,False
MAHARASHTRA,WARDHA,MAHARASHTRA,WARDHA,100.0,100.0,fuzzy_auto,False
BIHAR,KISHANGANJ,BIHAR,KISHANGANJ,100.0,100.0,fuzzy_auto,False
MADHYA PRADESH,SHEOPUR,MADHYA PRADESH,SHEOPUR,100.0,100.0,fuzzy_auto,False
GUJARAT,NARMADA,GUJARAT,NARMADA,100.0,100.0,fuzzy_auto,False
KARNATAKA,CHAMARAJANAGAR,KARNATAKA,CHAMARAJANAGAR,100.0,100.0,fuzzy_auto,False
KARNATAKA,CHIKMAGALUR,KARNATAKA,CHIKMAGALUR,100.0,100.0,fuzzy_auto,False
KARNATAKA,DAVANAGERE,KARNATAKA,DAVANAGERE,100.0,100.0,fuzzy_auto,False
LADAKH,LEH,JAMMU & KASHMIR,LEH(LADAKH),100.0,90.0,fuzzy_auto,False
MADHYA PRADESH,HARDA *,MADHYA PRADESH,HARDA,100.0,95.0,fuzzy_auto,False
MADHYA PRADESH,PANDHURNA,MADHYA PRADESH,PANNA,100.0,71.42857142857143,fuzzy_review,True
MAHARASHTRA,AHMED NAGAR,MAHARASHTRA,AHMADNAGAR,100.0,85.71428571428572,fuzzy_auto,False
MAHARASHTRA,BHANDARA,MAHARASHTRA,BHANDARA,100.0,100.0,fuzzy_auto,False
MAHARASHTRA,BID,MAHARASHTRA,BID,100.0,100.0,fuzzy_auto,False
MAHARASHTRA,BULDANA,MAHARASHTRA,BULDANA,100.0,100.0,fuzzy_auto,False
MAHARASHTRA,DHARASHIV,MAHARASHTRA,NASHIK,100.0,65.45454545454547,fuzzy_review,True
MAHARASHTRA,GONDIA,MAHARASHTRA,GONDIYA,100.0,92.3076923076923,fuzzy_auto,False
MAHARASHTRA,GONDIYA *,MAHARASHTRA,GONDIYA,100.0,95.0,fuzzy_auto,False
MAHARASHTRA,HINGOLI,MAHARASHTRA,HINGOLI,100.0,100.0,fuzzy_auto,False
BIHAR,PURBA CHAMPARAN,BIHAR,PURBA CHAMPARAN,100.0,100.0,fuzzy_auto,False
BIHAR,PURNEA,BIHAR,PURNIA,100.0,100.0,manual_override,False
BIHAR,SHEIKPURA,BIHAR,SHEIKHPURA,100.0,94.73684210526316,fuzzy_auto,False
CHHATTISGARH,DAKSHIN BASTAR DANTEWADA,CHHATTISGARH,DAKSHIN BASTAR DANTEWADA,100.0,100.0,fuzzy_auto,False
CHHATTISGARH,DANTEWADA,CHHATTISGARH,DAKSHIN BASTAR DANTEWADA,100.0,90.0,fuzzy_auto,False
CHHATTISGARH,MANENDRAGARH–CHIRMIRI–BHARATPUR,CHHATTISGARH,RAIGARH,100.0,77.14285714285715,fuzzy_review,True
CHHATTISGARH,SAKTI,CHHATTISGARH,DAKSHIN BASTAR DANTEWADA,100.0,54.0,fuzzy_review,True
DADRA AND NAGAR HAVELI,DADRA AND NAGAR HAVELI,DADRA & NAGAR HAVELI,DADRA & NAGAR HAVELI,90.47619047619048,90.47619047619048,fuzzy_auto,False
DELHI,NAJAFGARH,NCT OF DELHI,NORTH,90.0,51.42857142857142,fuzzy_review,True
DELHI,NEW DELHI,NCT OF DELHI,NEW DELHI,90.0,100.0,fuzzy_auto,False
DELHI,NORTH EAST,NCT OF DELHI,NORTH EAST,90.0,100.0,fuzzy_auto,False
DELHI,SOUTH EAST DELHI,NCT OF DELHI,EAST,90.0,90.0,fuzzy_auto,False
GUJARAT,AHMADABAD,GUJARAT,AHMADABAD,100.0,100.0,fuzzy_auto,False
GUJARAT,BANAS KANTHA,GUJARAT,BANAS KANTHA,100.0,100.0,fuzzy_auto,False
GUJARAT,PANCH MAHALS,GUJARAT,PANCH MAHALS,100.0,100.0,fuzzy_auto,False
GUJARAT,SABAR KANTHA,GUJARAT,SABAR KANTHA,100.0,100.0,fuzzy_auto,False
GUJARAT,SURENDRANAGAR,GUJARAT,SURENDRANAGAR,100.0,100.0,fuzzy_auto,False
HARYANA,YAMUNANAGAR,HARYANA,YAMUNANAGAR,100.0,100.0,fuzzy_auto,False
HIMACHAL PRADESH,KINNAUR,HIMACHAL PRADESH,KINNAUR,100.0,100.0,fuzzy_auto,False
HIMACHAL PRADESH,KULLU,HIMACHAL PRADESH,KULLU,100.0,100.0,fuzzy_auto,False
JAMMU AND KASHMIR,LEH,JAMMU & KASHMIR,LEH(LADAKH),100.0,90.0,fuzzy_auto,False
JHARKHAND,GARHWA *,JHARKHAND,GARHWA,100.0,95.0,fuzzy_auto,False
JHARKHAND,HAZARIBAG,JHARKHAND,HAZARIBAGH,100.0,94.73684210526316,fuzzy_auto,False
JHARKHAND,JAMTARA,JHARKHAND,JAMTARA,100.0,100.0,fuzzy_auto,False
JHARKHAND,PAKAUR,JHARKHAND,PAKUR,100.0,90.9090909090909,fuzzy_auto,False
JHARKHAND,PAKUR,JHARKHAND,PAKUR,100.0,100.0,fuzzy_auto,False
JHARKHAND,PALAMAU,JHARKHAND,PALAMU,100.0,92.3076923076923,fuzzy_auto,False
JHARKHAND,PURBI SINGHBHUM,JHARKHAND,PURBI SINGHBHUM,100.0,100.0,fuzzy_auto,False
JHARKHAND,RAMGARH,JHARKHAND,RAMGARH,100.0,100.0,fuzzy_auto,False
MAHARASHTRA,MUMBAI( SUB URBAN ),MAHARASHTRA,MUMBAI,100.0,90.0,fuzzy_auto,False
MANIPUR,CHANDEL,MANIPUR,CHANDEL,100.0,100.0,fuzzy_auto,False
MANIPUR,IMPHAL WEST,MANIPUR,IMPHAL WEST,100.0,100.0,fuzzy_auto,False
MEGHALAYA,NORTH GARO HILLS,MEGHALAYA,SOUTH GARO HILLS,100.0,87.5,fuzzy_auto,False
MEGHALAYA,SOUTH GARO HILLS,MEGHALAYA,SOUTH GARO HILLS,100.0,100.0,fuzzy_auto,False
MEGHALAYA,SOUTH WEST GARO HILLS,MEGHALAYA,SOUTH GARO HILLS,100.0,95.0,fuzzy_auto,False
MEGHALAYA,WEST JAINTIA HILLS,MEGHALAYA,JAINTIA HILLS,100.0,95.0,fuzzy_auto,False
MIZORAM,CHAMPHAI,MIZORAM,CHAMPHAI,100.0,100.0,fuzzy_auto,False
MIZORAM,MAMMIT,MIZORAM,MAMIT,100.0,90.9090909090909,fuzzy_auto,False
NAGALAND,KOHIMA,NAGALAND,KOHIMA,100.0,100.0,fuzzy_auto,False
NAGALAND,LONGLENG,NAGALAND,LONGLENG,100.0,100.0,fuzzy_auto,False
NAGALAND,MELURI,NAGALAND,DIMAPUR,100.0,46.15384615384615,fuzzy_review,True
NAGALAND,MOKOKCHUNG,NAGALAND,MOKOKCHUNG,100.0,100.0,fuzzy_auto,False
NAGALAND,MON,NAGALAND,MON,100.0,100.0,fuzzy_auto,False
NAGALAND,TSEMINYU,NAGALAND,MON,100.0,60.00000000000001,fuzzy_review,True
ODISHA,ANUGUL,ODISHA,ANUGUL,100.0,100.0,fuzzy_auto,False
ODISHA,BAUDH,ODISHA,BAUDH,100.0,100.0,fuzzy_auto,False
ODISHA,JAGATSINGHPUR,ODISHA,JAGATSINGHAPUR,100.0,96.2962962962963,fuzzy_auto,False
ODISHA,KHORDHA,ODISHA,KHORDHA,100.0,100.0,fuzzy_auto,False
ODISHA,SUNDARGARH,ODISHA,SUNDARGARH,100.0,100.0,fuzzy_auto,False
ORISSA,BALANGIR,ODISHA,BALANGIR,100.0,100.0,fuzzy_auto,False
ORISSA,BALESHWAR,ODISHA,BALESHWAR,100.0,100.0,fuzzy_auto,False
ORISSA,BARGARH,ODISHA,BARGARH,100.0,100.0,fuzzy_auto,False
ORISSA,BHADRAK,ODISHA,BHADRAK,100.0,100.0,fuzzy_auto,False
ORISSA,CUTTACK,ODISHA,CUTTACK,100.0,100.0,fuzzy_auto,False
ORISSA,GAJAPATI,ODISHA,GAJAPATI,100.0,100.0,fuzzy_auto,False
ORISSA,GANJAM,ODISHA,GANJAM,100.0,100.0,fuzzy_auto,False
ORISSA,JAJAPUR,ODISHA,JAJAPUR,100.0,100.0,fuzzy_auto,False
ORISSA,KENDRAPARA,ODISHA,KENDRAPARA,100.0,100.0,fuzzy_auto,False
ORISSA,KENDUJHAR,ODISHA,KENDUJHAR,100.0,100.0,fuzzy_auto,False
ORISSA,KHORDHA,ODISHA,KHORDHA,100.0,100.0,fuzzy_auto,False
ORISSA,KORAPUT,ODISHA,KORAPUT,100.0,100.0,fuzzy_auto,False
ORISSA,MALKANGIRI,ODISHA,MALKANGIRI,100.0,100.0,fuzzy_auto,False
ORISSA,NAYAGARH,ODISHA,NAYAGARH,100.0,100.0,fuzzy_auto,False
ORISSA,PURI,ODISHA,PURI,100.0,100.0,fuzzy_auto,False
ORISSA,RAYAGADA,ODISHA,RAYAGADA,100.0,100.0,fuzzy_auto,False
ORISSA,SAMBALPUR,ODISHA,SAMBALPUR,100.0,100.0,fuzzy_auto,False
ORISSA,SONAPUR,ODISHA,PURI,100.0,77.14285714285715,fuzzy_review,True
PONDICHERRY,PONDICHERRY,PUDUCHERRY,PUDUCHERRY,100.0,100.0,manual_override,False
PUNJAB,BARNALA,PUNJAB,BARNALA,100.0,100.0,fuzzy_auto,False
PUNJAB,FATEHGARH SAHIB,PUNJAB,FATEHGARH SAHIB,100.0,100.0,fuzzy_auto,False
PUNJAB,MUKTSAR,PUNJAB,MUKTSAR,100.0,100.0,fuzzy_auto,False
PUNJAB,NAWANSHAHR,PUNJAB,MANSA,100.0,72.0,fuzzy_review,True
PUNJAB,S.A.S NAGAR(MOHALI),PUNJAB,MOGA,100.0,67.5,fuzzy_review,True
PUNJAB,SHAHEED BHAGAT SINGH NAGAR,PUNJAB,SHAHID BHAGAT SINGH NAGAR,100.0,94.11764705882352,fuzzy_auto,False
RAJASTHAN,CHITTAURGARH,RAJASTHAN,CHITTAURGARH,100.0,100.0,fuzzy_auto,False
RAJASTHAN,DEEG,RAJASTHAN,DUNGARPUR,100.0,45.0,fuzzy_review,True
ANDAMAN & NICOBAR ISLANDS,ANDAMANS,ANDAMAN & NICOBAR ISLANDS,NORTH  & MIDDLE ANDAMAN,100.0,84.0,fuzzy_review,True
ANDAMAN AND NICOBAR ISLANDS,SOUTH ANDAMAN,ANDAMAN & NICOBAR ISLANDS,SOUTH ANDAMAN,92.3076923076923,100.0,fuzzy_auto,False
ANDHRA PRADESH,K.V.RANGAREDDY,ANDHRA PRADESH,RANGAREDDY,100.0,100.0,manual_override,False
ANDHRA PRADESH,KARIM NAGAR,ANDHRA PRADESH,KARIMNAGAR,100.0,95.23809523809524,fuzzy_auto,False
ANDHRA PRADESH,MAHABUB NAGAR,ANDHRA PRADESH,MAHBUBNAGAR,100.0,91.66666666666666,fuzzy_auto,False
ANDHRA PRADESH,NIZAMABAD,ANDHRA PRADESH,NIZAMABAD,100.0,100.0,fuzzy_auto,False
ARUNACHAL PRADESH,ANJAW,ARUNACHAL PRADESH,ANJAW,100.0,100.0,fuzzy_auto,False
ARUNACHAL PRADESH,CHANGLANG,ARUNACHAL PRADESH,CHANGLANG,100.0,100.0,fuzzy_auto,False
ARUNACHAL PRADESH,EAST SIANG,ARUNACHAL PRADESH,EAST SIANG,100.0,100.0,fuzzy_auto,False
ARUNACHAL PRADESH,KAMLE,ARUNACHAL PRADESH,WEST KAMENG,100.0,76.0,fuzzy_review,True
ARUNACHAL PRADESH,LONGDING,ARUNACHAL PRADESH,DIBANG VALLEY,100.0,51.42857142857142,fuzzy_review,True
ARUNACHAL PRADESH,WEST SIANG,ARUNACHAL PRADESH,WEST SIANG,100.0,100.0,fuzzy_auto,False
ASSAM,BISWANATH,ASSAM,BAKSA,100.0,54.0,fuzzy_review,True
ASSAM,MAJULI,ASSAM,DHEMAJI,100.0,61.53846153846154,fuzzy_review,True
ASSAM,SRIBHUMI,ASSAM,KARBI ANGLONG,100.0,46.63636363636363,fuzzy_review,True
ASSAM,TAMULPUR DISTRICT,ASSAM,KAMRUP,100.0,60.00000000000001,fuzzy_review,True
ASSAM,WEST KARBI ANGLONG,ASSAM,KARBI ANGLONG,100.0,95.0,fuzzy_auto,False
UTTAR PRADESH,BANDA,UTTAR PRADESH,BANDA,100.0,100.0,fuzzy_auto,False
UTTAR PRADESH,BULANDSHAHAR,UTTAR PRADESH,BULANDSHAHR,100.0,95.65217391304348,fuzzy_auto,False
UTTAR PRADESH,CHITRAKOOT,UTTAR PRADESH,CHITRAKOOT,100.0,100.0,fuzzy_auto,False
UTTAR PRADESH,KUSHINAGAR *,UTTAR PRADESH,KUSHINAGAR,100.0,95.0,fuzzy_auto,False
UTTAR PRADESH,SANT RAVIDAS NAGAR BHADOHI,UTTAR PRADESH,SANT RAVIDAS NAGAR (BHADOHI),100.0,96.2962962962963,fuzzy_auto,False
UTTARAKHAND,HARDWAR,UTTARAKHAND,HARDWAR,100.0,100.0,fuzzy_auto,False
WEST BENGAL,ALIPURDUAR,WEST BENGAL,PURULIYA,100.0,55.55555555555556,fuzzy_review,True
WEST BENGAL,BARDHAMAN,WEST BENGAL,BARDDHAMAN,100.0,94.73684210526316,fuzzy_auto,False
WEST BENGAL,DARJILING,WEST BENGAL,DARJILING,100.0,100.0,fuzzy_auto,False
WEST BENGAL,EAST MIDNAPORE,WEST BENGAL,HAORA,100.0,54.0,fuzzy_review,True
WEST BENGAL,HAORA,WEST BENGAL,HAORA,100.0,100.0,fuzzy_auto,False
WEST BENGAL,HUGLI,WEST BENGAL,HUGLI,100.0,100.0,fuzzy_auto,False
WEST BENGAL,KOCH BIHAR,WEST BENGAL,KOCH BIHAR,100.0,100.0,fuzzy_auto,False
WEST BENGAL,MALDAH,WEST BENGAL,MALDAH,100.0,100.0,fuzzy_auto,False
WEST BENGAL,NORTH DINAJPUR,WEST BENGAL,NORTH TWENTY FOUR PARGANAS,100.0,85.5,fuzzy_auto,False
WEST BENGAL,NORTH TWENTY FOUR PARGANAS,WEST BENGAL,NORTH TWENTY FOUR PARGANAS,100.0,100.0,fuzzy_auto,False
WEST BENGAL,PURULIA,WEST BENGAL,PURULIYA,100.0,93.33333333333331,fuzzy_auto,False
WEST BENGAL,SOUTH DINAJPUR,WEST BENGAL,SOUTH TWENTY FOUR PARGANAS,100.0,85.5,fuzzy_auto,False
WEST BENGAL,SOUTH TWENTY FOUR PARGANAS,WEST BENGAL,SOUTH TWENTY FOUR PARGANAS,100.0,100.0,fuzzy_auto,False
WEST BENGAL,WEST MIDNAPORE,WEST BENGAL,PASCHIM MEDINIPUR,100.0,100.0,manual_override,False
ANDAMAN & NICOBAR ISLANDS,SOUTH ANDAMAN,ANDAMAN & NICOBAR ISLANDS,SOUTH ANDAMAN,100.0,100.0,fuzzy_auto,False
ANDAMAN AND NICOBAR ISLANDS,NORTH AND MIDDLE ANDAMAN,ANDAMAN & NICOBAR ISLANDS,NORTH  & MIDDLE ANDAMAN,92.3076923076923,90.47619047619048,fuzzy_auto,False
SIKKIM,NORTH SIKKIM,SIKKIM,NORTH  DISTRICT,100.0,96.55172413793105,manual_override,False
SIKKIM,SOUTH,SIKKIM,SOUTH DISTRICT,100.0,90.0,fuzzy_auto,False
SIKKIM,SOUTH SIKKIM,SIKKIM,SOUTH DISTRICT,100.0,100.0,manual_override,False
SIKKIM,WEST,SIKKIM,WEST DISTRICT,100.0,90.0,fuzzy_auto,False
TAMIL NADU,CHENGALPATTU,TAMIL NADU,CHENNAI,100.0,69.23076923076923,fuzzy_review,True
TAMIL NADU,MAYILADUTHURAI,TAMIL NADU,MADURAI,100.0,66.66666666666667,fuzzy_review,True
TAMIL NADU,PERAMBALUR,TAMIL NADU,PERAMBALUR,100.0,100.0,fuzzy_auto,False
TAMIL NADU,THIRUVALLUR,TAMIL NADU,THIRUVALLUR,100.0,100.0,fuzzy_auto,False
TELANGANA,MEDCHAL−MALKAJGIRI,GOA,NORTH GOA,60.00000000000001,26.307692307692307,fuzzy_review,True
TELANGANA,RAJANNA SIRCILLA,ANDHRA PRADESH,KARIMNAGAR,100.0,100.0,telangana_proxy,False
TELANGANA,RANGAREDDY,ANDHRA PRADESH,RANGAREDDY,100.0,100.0,telangana_proxy,False
TRIPURA,GOMATI,TRIPURA,WEST TRIPURA,100.0,38.0,fuzzy_review,True
TRIPURA,SEPAHIJALA,TRIPURA,DHALAI,100.0,60.00000000000001,fuzzy_review,True
UTTAR PRADESH,BARABANKI,UTTAR PRADESH,BARA BANKI,100.0,94.73684210526316,fuzzy_auto,False
ANDHRA PRADESH,MAHABUBNAGAR,ANDHRA PRADESH,MAHBUBNAGAR,100.0,95.65217391304348,fuzzy_auto,False
ARUNACHAL PRADESH,NAMSAI,ARUNACHAL PRADESH,LOWER SUBANSIRI,100.0,49.090909090909086,fuzzy_review,True
ARUNACHAL PRADESH,TIRAP,ARUNACHAL PRADESH,TIRAP,100.0,100.0,fuzzy_auto,False
ARUNACHAL PRADESH,UPPER SUBANSIRI,ARUNACHAL PRADESH,UPPER SUBANSIRI,100.0,100.0,fuzzy_auto,False
ASSAM,BAJALI,ASSAM,BAKSA,100.0,54.54545454545454,fuzzy_review,True
ASSAM,CHIRANG,ASSAM,CHIRANG,100.0,100.0,fuzzy_auto,False
BIHAR,PASHCHIM CHAMPARAN,BIHAR,PASHCHIM CHAMPARAN,100.0,100.0,fuzzy_auto,False
BIHAR,SAMSTIPUR,BIHAR,SAMASTIPUR,100.0,94.73684210526316,fuzzy_auto,False
CHHATTISGARH,SARANGARH-BILAIGARH,CHHATTISGARH,RAIGARH,100.0,83.07692307692308,fuzzy_review,True
DADRA AND NAGAR HAVELI AND DAMAN AND DIU,DADRA AND NAGAR HAVELI,DADRA & NAGAR HAVELI,DADRA & NAGAR HAVELI,100.0,90.47619047619048,fuzzy_auto,False
DADRA AND NAGAR HAVELI AND DAMAN AND DIU,DAMAN,DADRA & NAGAR HAVELI,DADRA & NAGAR HAVELI,100.0,54.0,fuzzy_review,True
DAMAN & DIU,DAMAN,DAMAN & DIU,DAMAN,100.0,100.0,fuzzy_auto,False
DAMAN & DIU,DIU,DAMAN & DIU,DIU,100.0,100.0,fuzzy_auto,False
DAMAN AND DIU,DIU,DAMAN & DIU,DIU,85.5,100.0,fuzzy_auto,False
ANDHRA PRADESH,K.V. RANGAREDDY,ANDHRA PRADESH,RANGAREDDY,100.0,90.0,fuzzy_auto,False
ARUNACHAL PRADESH,EAST KAMENG,ARUNACHAL PRADESH,EAST KAMENG,100.0,100.0,fuzzy_auto,False
ARUNACHAL PRADESH,KURUNG KUMEY,ARUNACHAL PRADESH,KURUNG KUMEY,100.0,100.0,fuzzy_auto,False
ARUNACHAL PRADESH,LOWER SIANG,ARUNACHAL PRADESH,LOWER DIBANG VALLEY,100.0,85.5,fuzzy_auto,False
ARUNACHAL PRADESH,LOWER SUBANSIRI,ARUNACHAL PRADESH,LOWER SUBANSIRI,100.0,100.0,fuzzy_auto,False
ARUNACHAL PRADESH,PAPUM PARE,ARUNACHAL PRADESH,PAPUM PARE,100.0,100.0,fuzzy_auto,False
BIHAR,AURANGABAD(BH),BIHAR,AURANGABAD,100.0,95.0,manual_override,False
CHHATTISGARH,JANJGIR CHAMPA,CHHATTISGARH,JANJGIR - CHAMPA,100.0,95.0,fuzzy_auto,False
UTTAR PRADESH,JYOTIBA PHULE NAGAR,UTTAR PRADESH,JYOTIBA PHULE NAGAR,100.0,100.0,fuzzy_auto,False
UTTAR PRADESH,MAHRAJGANJ,UTTAR PRADESH,MAHRAJGANJ,100.0,100.0,fuzzy_auto,False
WEST  BENGAL,HOOGHLY,WEST BENGAL,HUGLI,100.0,100.0,manual_override,False
HIMACHAL PRADESH,LAHUL AND SPITI,HIMACHAL PRADESH,LAHUL & SPITI,100.0,87.08333333333333,fuzzy_auto,False
JAMMU & KASHMIR,JAMMU,JAMMU & KASHMIR,JAMMU,100.0,100.0,fuzzy_auto,False
JAMMU AND KASHMIR,REASI,JAMMU & KASHMIR,REASI,100.0,100.0,fuzzy_auto,False
JAMMU AND KASHMIR,SHUPIYAN,JAMMU & KASHMIR,SHUPIYAN,100.0,100.0,fuzzy_auto,False
KARNATAKA,BENGALURU SOUTH,KARNATAKA,BELGAUM,100.0,64.28571428571429,fuzzy_review,True
KARNATAKA,CHAMRAJNAGAR,KARNATAKA,CHAMARAJANAGAR,100.0,92.3076923076923,fuzzy_auto,False
SIKKIM,EAST SIKKIM,SIKKIM,EAST DISTRICT,100.0,100.0,manual_override,False
SIKKIM,NAMCHI,SIKKIM,NORTH  DISTRICT,100.0,32.727272727272734,fuzzy_review,True
SIKKIM,NORTH,SIKKIM,NORTH  DISTRICT,100.0,90.0,fuzzy_auto,False
TRIPURA,DHALAI  *,TRIPURA,DHALAI,100.0,90.0,fuzzy_auto,False
KERALA,KASARGOD,KERALA,KASARAGOD,100.0,94.11764705882352,fuzzy_auto,False
LAKSHADWEEP,LAKSHADWEEP,LAKSHADWEEP,LAKSHADWEEP,100.0,100.0,fuzzy_auto,False
MAHARASHTRA,CHATRAPATI SAMBHAJI NAGAR,MAHARASHTRA,AMRAVATI,100.0,67.5,fuzzy_review,True
MEGHALAYA,EAST GARO HILLS,MEGHALAYA,EAST GARO HILLS,100.0,100.0,fuzzy_auto,False
MEGHALAYA,EASTERN WEST KHASI HILLS,MEGHALAYA,WEST KHASI HILLS,100.0,90.0,fuzzy_auto,False
MIZORAM,LAWNGTLAI,MIZORAM,LAWNGTLAI,100.0,100.0,fuzzy_auto,False
NAGALAND,PHEK,NAGALAND,PHEK,100.0,100.0,fuzzy_auto,False
NAGALAND,WOKHA,NAGALAND,WOKHA,100.0,100.0,fuzzy_auto,False
ORISSA,JAGATSINGHAPUR,ODISHA,JAGATSINGHAPUR,100.0,100.0,fuzzy_auto,False
ORISSA,JHARSUGUDA,ODISHA,JHARSUGUDA,100.0,100.0,fuzzy_auto,False
ORISSA,SUBARNAPUR,ODISHA,SUBARNAPUR,100.0,100.0,fuzzy_auto,False
ORISSA,SUNDARGARH,ODISHA,SUNDARGARH,100.0,100.0,fuzzy_auto,False
RAJASTHAN,DHAULPUR,RAJASTHAN,DHAULPUR,100.0,100.0,fuzzy_auto,False
RAJASTHAN,JHUNJHUNU,RAJASTHAN,JHUNJHUNUN,100.0,94.73684210526316,fuzzy_auto,False
ARUNACHAL PRADESH,SIANG,ARUNACHAL PRADESH,EAST SIANG,100.0,90.0,fuzzy_auto,False
BIHAR,MONGHYR,BIHAR,MUNGER,100.0,100.0,manual_override,False
DADRA & NAGAR HAVELI,DADRA & NAGAR HAVELI,DADRA & NAGAR HAVELI,DADRA & NAGAR HAVELI,100.0,100.0,fuzzy_auto,False
TELANGANA,JANGAON,ANDHRA PRADESH,WARANGAL,100.0,100.0,telangana_proxy,False
TELANGANA,WARANGAL (URBAN),ANDHRA PRADESH,WARANGAL,100.0,100.0,telangana_proxy,False
MAHARASHTRA,NANDURBAR *,MAHARASHTRA,NANDURBAR,100.0,95.0,fuzzy_auto,False
MAHARASHTRA,RAIGARH(MH),MAHARASHTRA,RAIGARH,100.0,90.0,fuzzy_auto,False
MAHARASHTRA,WASHIM *,MAHARASHTRA,WASHIM,100.0,95.0,fuzzy_auto,False
MANIPUR,UKHRUL,MANIPUR,UKHRUL,100.0,100.0,fuzzy_auto,False
MEGHALAYA,SOUTH WEST KHASI HILLS,MEGHALAYA,WEST KHASI HILLS,100.0,95.0,fuzzy_auto,False
MIZORAM,SAITUAL,MIZORAM,SAIHA,100.0,66.66666666666667,fuzzy_review,True
NAGALAND,NIULAND,NAGALAND,MON,100.0,45.0,fuzzy_review,True
NAGALAND,TUENSANG,NAGALAND,TUENSANG,100.0,100.0,fuzzy_auto,False
ODISHA,SUBARNAPUR,ODISHA,SUBARNAPUR,100.0,100.0,fuzzy_auto,False
ORISSA,ANUGUL,ODISHA,ANUGUL,100.0,100.0,fuzzy_auto,False
ORISSA,DHENKANAL,ODISHA,DHENKANAL,100.0,100.0,fuzzy_auto,False
ANDAMAN AND NICOBAR ISLANDS,NICOBAR,ANDAMAN & NICOBAR ISLANDS,NICOBARS,92.3076923076923,93.33333333333331,fuzzy_auto,False
JHARKHAND,PASHCHIMI SINGHBHUM,JHARKHAND,PASHCHIMI SINGHBHUM,100.0,100.0,fuzzy_auto,False
JHARKHAND,SAHIBGANJ,JHARKHAND,SAHIBGANJ,100.0,100.0,fuzzy_auto,False
KARNATAKA,HAVERI *,KARNATAKA,HAVERI,100.0,95.0,fuzzy_auto,False
KARNATAKA,BAGALKOT *,KARNATAKA,BAGALKOT,100.0,95.0,fuzzy_auto,False
ORISSA,KANDHAMAL,ODISHA,KANDHAMAL,100.0,100.0,fuzzy_auto,False
ORISSA,MAYURBHANJ,ODISHA,MAYURBHANJ,100.0,100.0,fuzzy_auto,False
PONDICHERRY,KARAIKAL,PUDUCHERRY,KARAIKAL,100.0,100.0,fuzzy_auto,False
PONDICHERRY,YANAM,PUDUCHERRY,YANAM,100.0,100.0,fuzzy_auto,False
ARUNACHAL PRADESH,DIBANG VALLEY,ARUNACHAL PRADESH,DIBANG VALLEY,100.0,100.0,fuzzy_auto,False
ARUNACHAL PRADESH,LOWER DIBANG VALLEY,ARUNACHAL PRADESH,LOWER DIBANG VALLEY,100.0,100.0,fuzzy_auto,False
UTTAR PRADESH,BAGPAT,UTTAR PRADESH,BAGHPAT,100.0,92.3076923076923,fuzzy_auto,False
UTTARAKHAND,GARHWAL,UTTARAKHAND,GARHWAL,100.0,100.0,fuzzy_auto,False
MANIPUR,KAKCHING,MANIPUR,CHURACHANDPUR,100.0,45.0,fuzzy_review,True
ORISSA,DEBAGARH,ODISHA,DEBAGARH,100.0,100.0,fuzzy_auto,False
JAMMU & KASHMIR,BARAMULA,JAMMU & KASHMIR,BARAMULA,100.0,100.0,fuzzy_auto,False
KARNATAKA,CHAMARAJANAGAR *,KARNATAKA,CHAMARAJANAGAR,100.0,95.0,fuzzy_auto,False
WEST BENGAL,MEDINIPUR,WEST BENGAL,PASCHIM MEDINIPUR,100.0,90.0,fuzzy_auto,False
WESTBENGAL,HOOGHLY,WEST BENGAL,HUGLI,100.0,100.0,manual_override,False
SIKKIM,MANGAN,SIKKIM,NORTH  DISTRICT,100.0,25.71428571428571,fuzzy_review,True
ASSAM,DIMA HASAO,ASSAM,DIMA HASAO,100.0,100.0,fuzzy_auto,False
CHANDIGARH,RUPNAGAR,CHANDIGARH,CHANDIGARH,100.0,44.44444444444444,fuzzy_review,True
CHHATTISGARH,JANJGIR - CHAMPA,CHHATTISGARH,JANJGIR - CHAMPA,100.0,100.0,fuzzy_auto,False
CHHATTISGARH,NARAYANPUR,CHHATTISGARH,NARAYANPUR,100.0,100.0,fuzzy_auto,False
HIMACHAL PRADESH,LAHUL & SPITI,HIMACHAL PRADESH,LAHUL & SPITI,100.0,100.0,fuzzy_auto,False
WEST BANGAL,HOOGHLY,WEST BENGAL,HUGLI,100.0,100.0,manual_override,False
ARUNACHAL PRADESH,LEPARADA,ARUNACHAL PRADESH,LOWER DIBANG VALLEY,100.0,48.0,fuzzy_review,True
ARUNACHAL PRADESH,SHI-YOMI,ARUNACHAL PRADESH,LOHIT,100.0,45.0,fuzzy_review,True
HIMACHAL PRADESH,LAHAUL AND SPITI,HIMACHAL PRADESH,LAHUL & SPITI,100.0,100.0,manual_override,False
MIZORAM,KHAWZAWL,MIZORAM,AIZAWL,100.0,71.42857142857143,fuzzy_review,True
NAGALAND,NOKLAK,NAGALAND,WOKHA,100.0,54.54545454545454,fuzzy_review,True
WEST BENGAL,SOUTH 24 PARGANA,WEST BENGAL,SOUTH TWENTY FOUR PARGANAS,100.0,85.5,fuzzy_auto,False
ORISSA,NABARANGAPUR,ODISHA,NABARANGAPUR,100.0,100.0,fuzzy_auto,False
PUDUCHERRY,YANAM,PUDUCHERRY,YANAM,100.0,100.0,fuzzy_auto,False
WEST BENGAL,WEST MEDINIPUR,WEST BENGAL,PASCHIM MEDINIPUR,100.0,100.0,manual_override,False
NAGALAND,SHAMATOR,NAGALAND,WOKHA,100.0,45.0,fuzzy_review,True
TAMIL NADU,TIRUPATHUR,TAMIL NADU,TIRUPPUR,100.0,77.77777777777779,fuzzy_review,True
WEST BENGAL,EAST MIDNAPUR,WEST BENGAL,DAKSHIN DINAJPUR,100.0,62.06896551724138,fuzzy_review,True
CHHATTISGARH,MOHALLA-MANPUR-AMBAGARH CHOWKI,CHHATTISGARH,RAIGARH,100.0,71.25,fuzzy_review,True
TAMIL NADU,KANCHIPURAM,TAMIL NADU,KANCHEEPURAM,100.0,86.95652173913044,fuzzy_auto,False
MEGHALAYA,JAINTIA HILLS,MEGHALAYA,JAINTIA HILLS,100.0,100.0,fuzzy_auto,False
BIHAR,BHABUA,BIHAR,KAIMUR (BHABUA),100.0,90.0,fuzzy_auto,False
GOA,BARDEZ,GOA,NORTH GOA,100.0,28.5,fuzzy_review,True
JAMMU & KASHMIR,KATHUA,JAMMU & KASHMIR,KATHUA,100.0,100.0,fuzzy_auto,False
KARNATAKA,BENGALURU RURAL,KARNATAKA,BANGALORE RURAL,100.0,100.0,manual_override,False
WEST BENGAL,HAWRAH,WEST BENGAL,HAORA,100.0,100.0,manual_override,False
WEST BENGAL,HOOGHIY,WEST BENGAL,HUGLI,100.0,100.0,manual_override,False
MANIPUR,PHERZAWL,MANIPUR,UKHRUL,100.0,42.85714285714286,fuzzy_review,True
ORISSA,JAJAPUR  *,ODISHA,JAJAPUR,100.0,95.0,fuzzy_auto,False
JAMMU & KASHMIR,RAJAURI,JAMMU & KASHMIR,RAJOURI,100.0,85.71428571428572,fuzzy_auto,False
PUDUCHERRY,PONDICHERRY,PUDUCHERRY,PUDUCHERRY,100.0,100.0,manual_override,False
JAMMU & KASHMIR,KUPWARA,JAMMU & KASHMIR,KUPWARA,100.0,100.0,fuzzy_auto,False
WESTBENGAL,HOWRAH,WEST BENGAL,HAORA,100.0,100.0,manual_override,False
ORISSA,BALESWAR,ODISHA,BALESHWAR,100.0,94.11764705882352,fuzzy_auto,False
RAJASTHAN,JALORE,RAJASTHAN,JALOR,100.0,90.9090909090909,fuzzy_auto,False
RAJASTHAN,SALUMBAR,RAJASTHAN,BARAN,100.0,67.5,fuzzy_review,True
ANDAMAN & NICOBAR ISLANDS,NICOBARS,ANDAMAN & NICOBAR ISLANDS,NICOBARS,100.0,100.0,fuzzy_auto,False
RAJASTHAN,BEAWAR,RAJASTHAN,ALWAR,100.0,72.72727272727273,fuzzy_review,True
RAJASTHAN,DIDWANA-KUCHAMAN,RAJASTHAN,BARAN,100.0,60.00000000000001,fuzzy_review,True
RAJASTHAN,KOTPUTLI-BEHROR,RAJASTHAN,KOTA,100.0,77.14285714285715,fuzzy_review,True
RAJASTHAN,PHALODI,RAJASTHAN,PALI,100.0,72.72727272727273,fuzzy_review,True
ARUNACHAL PRADESH,PAKKE KESSANG,ARUNACHAL PRADESH,TAWANG,100.0,60.00000000000001,fuzzy_review,True
MIZORAM,HNAHTHIAL,MIZORAM,AIZAWL,100.0,60.00000000000001,fuzzy_review,True
RAJASTHAN,BALOTRA,RAJASTHAN,KOTA,100.0,67.5,fuzzy_review,True
JAMMU & KASHMIR,LEH (LADAKH),JAMMU & KASHMIR,LEH(LADAKH),100.0,95.65217391304348,fuzzy_auto,False
RAJASTHAN,KHAIRTHAL-TIJARA,RAJASTHAN,BARAN,100.0,67.5,fuzzy_review,True
CHHATISGARH,RAIPUR,CHHATTISGARH,RAIPUR,95.65217391304348,100.0,fuzzy_auto,False
WEST BANGAL,SOUTH 24 PARGANAS,WEST BENGAL,NORTH TWENTY FOUR PARGANAS,100.0,85.5,fuzzy_auto,False
MAHARASHTRA,AHILYANAGAR,MAHARASHTRA,AHMADNAGAR,100.0,100.0,manual_override,False
WEST BENGLI,HOOGHLY,WEST BENGAL,HUGLI,100.0,100.0,manual_override,False
GOA,TISWADI,GOA,NORTH GOA,100.0,25.0,fuzzy_review,True
WEST BANGAL,HOWRAH,WEST BENGAL,HAORA,100.0,100.0,manual_override,False
JAMMU & KASHMIR,ANANTNAG,JAMMU & KASHMIR,ANANTNAG,100.0,100.0,fuzzy_auto,False
DARBHANGA,NEAR UNIVERSITY THANA,GOA,NORTH GOA,72.0,42.75,excluded_junk,False
WEST BENGAL,SOUTH DUMDUM(M),WEST BENGAL,SOUTH TWENTY FOUR PARGANAS,100.0,85.5,fuzzy_auto,False
UTTAR PRADESH,RAEBARELI,UTTAR PRADESH,RAE BARELI,100.0,94.73684210526316,fuzzy_auto,False
MAHARASHTRA,DIST : THANE,MAHARASHTRA,THANE,100.0,90.0,fuzzy_auto,False
PUTTENAHALLI,5TH CROSS,UTTARAKHAND,TEHRI GARHWAL,52.17391304347826,36.36363636363637,excluded_junk,False
ODISHA,BALIANTA,ODISHA,BALANGIR,100.0,62.5,fuzzy_review,True
JAMMU & KASHMIR,UDHAMPUR,JAMMU & KASHMIR,UDHAMPUR,100.0,100.0,fuzzy_auto,False
WEST BENGAL,BALLY JAGACHHA,WEST BENGAL,HAORA,100.0,51.42857142857142,fuzzy_review,True
JAMMU & KASHMIR,BADGAM,JAMMU & KASHMIR,BADGAM,100.0,100.0,fuzzy_auto,False
ORISSA,NUAPADA,ODISHA,NUAPADA,100.0,100.0,fuzzy_auto,False
JAMMU & KASHMIR,SRINAGAR,JAMMU & KASHMIR,SRINAGAR,100.0,100.0,fuzzy_auto,False
ORISSA,KALAHANDI,ODISHA,KALAHANDI,100.0,100.0,fuzzy_auto,False
UTTAR PRADESH,BAGHPAT *,UTTAR PRADESH,BAGHPAT,100.0,95.0,fuzzy_auto,False
CHANDIGARH,MOHALI,CHANDIGARH,CHANDIGARH,100.0,45.0,fuzzy_review,True
JAMMU & KASHMIR,PUNCH,JAMMU & KASHMIR,PUNCH,100.0,100.0,fuzzy_auto,False
TAMIL NADU,TIRUVARUR,TAMIL NADU,THIRUVARUR,100.0,94.73684210526316,fuzzy_auto,False
JAMMU & KASHMIR,KARGIL,JAMMU & KASHMIR,KARGIL,100.0,100.0,fuzzy_auto,False
KARNATAKA,UDUPI *,KARNATAKA,UDUPI,100.0,95.0,fuzzy_auto,False
WEST BENGAL,SOUTH  TWENTY FOUR PARGANAS,WEST BENGAL,SOUTH TWENTY FOUR PARGANAS,100.0,98.1132075471698,fuzzy_auto,False
ORISSA,KHORDA,ODISHA,KHORDHA,100.0,92.3076923076923,fuzzy_auto,False
JAMMU AND KASHMIR,POONCH,JAMMU & KASHMIR,PUNCH,100.0,100.0,manual_override,False
ODISHA,ANUGAL,ODISHA,ANUGUL,100.0,100.0,manual_override,False
UTTARANCHAL,TEHRI GARHWAL,UTTARAKHAND,TEHRI GARHWAL,72.72727272727273,100.0,fuzzy_auto,False
GOA,BICHOLIM,GOA,NORTH GOA,100.0,23.529411764705888,fuzzy_review,True
JAMMU & KASHMIR,DODA,JAMMU & KASHMIR,DODA,100.0,100.0,fuzzy_auto,False
ORISSA,BAUDH,ODISHA,BAUDH,100.0,100.0,fuzzy_auto,False
WEST BENGAL,NAIHATI ANANDABAZAR,WEST BENGAL,NADIA,100.0,72.0,fuzzy_review,True
UTTAR PRADESH,JYOTIBA PHULE NAGAR *,UTTAR PRADESH,JYOTIBA PHULE NAGAR,100.0,95.0,fuzzy_auto,False
TAMIL NADU,TUTICORIN,TAMIL NADU,TIRUCHIRAPPALLI,100.0,45.0,fuzzy_review,True
MAHARASHTRA,HINGOLI *,MAHARASHTRA,HINGOLI,100.0,95.0,fuzzy_auto,False
ODISHA,BHADRAK(R),ODISHA,BHADRAK,100.0,95.0,manual_override,False
BALANAGAR,IDPL COLONY,DADRA & NAGAR HAVELI,DADRA & NAGAR HAVELI,61.07142857142858,27.000000000000004,excluded_junk,False
UTTARANCHAL,UDHAM SINGH NAGAR *,UTTARAKHAND,UDHAM SINGH NAGAR,72.72727272727273,95.0,fuzzy_auto,False
JAIPUR,NEAR MEERA HOSPITAL,MANIPUR,THOUBAL,76.92307692307692,54.0,excluded_junk,False
UTTAR PRADESH,CHITRAKOOT *,UTTAR PRADESH,CHITRAKOOT,100.0,95.0,fuzzy_auto,False
UTTAR PRADESH,CHANDAULI *,UTTAR PRADESH,CHANDAULI,100.0,95.0,fuzzy_auto,False
MADANAPALLE,KADIRI ROAD,MADHYA PRADESH,KATNI,56.00000000000001,60.00000000000001,excluded_junk,False
MANIPUR,KANGPOKPI,MANIPUR,TAMENGLONG,100.0,42.10526315789473,fuzzy_review,True
KARNATAKA,BIJAPUR(KAR),KARNATAKA,BIJAPUR,100.0,90.0,fuzzy_auto,False
WEST BENGAL,DOMJUR,WEST BENGAL,MURSHIDABAD,100.0,60.00000000000001,fuzzy_review,True
JAMMU AND KASHMIR,BANDIPUR,JAMMU & KASHMIR,BANDIPORE,100.0,100.0,manual_override,False
100000,100000,ANDAMAN & NICOBAR ISLANDS,NICOBARS,0.0,0.0,excluded_junk,False
NAGPUR,NEAR UDAY NAGAR NIT GARDEN,DADRA & NAGAR HAVELI,DADRA & NAGAR HAVELI,62.18181818181819,52.17391304347826,excluded_junk,False
TELANGANA,MEDCHALÂMALKAJGIRI,GOA,NORTH GOA,60.00000000000001,26.307692307692307,fuzzy_review,True
RAJA ANNAMALAI PURAM,NEAR DHYANA ASHRAM,RAJASTHAN,GANGANAGAR,67.5,57.0,excluded_junk,False
ORISSA,ANGUL,ODISHA,ANUGUL,100.0,90.9090909090909,fuzzy_auto,False
JAMMU & KASHMIR,PULWAMA,JAMMU & KASHMIR,PULWAMA,100.0,100.0,fuzzy_auto,False
ORISSA,SUNDERGARH,ODISHA,SUNDARGARH,100.0,90.0,fuzzy_auto,False
CHHATTISGARH,MANENDRAGARHCHIRMIRIBHARATPUR,CHHATTISGARH,RAIGARH,100.0,77.14285714285715,fuzzy_review,True
WEST BENGAL,BURDWAN,WEST BENGAL,BARDDHAMAN,100.0,100.0,manual_override,False
UTTAR PRADESH,MAHOBA *,UTTAR PRADESH,MAHOBA,100.0,95.0,fuzzy_auto,False
PONDICHERRY,VILUPPURAM,PUDUCHERRY,YANAM,100.0,51.42857142857142,fuzzy_review,True
PONDICHERRY,CUDDALORE,PUDUCHERRY,MAHE,100.0,36.0,fuzzy_review,True
UTTARANCHAL,ALMORA,UTTARAKHAND,ALMORA,72.72727272727273,100.0,fuzzy_auto,False
JAMMU & KASHMIR,BANDIPUR,JAMMU & KASHMIR,BANDIPORE,100.0,100.0,manual_override,False
UTTAR PRADESH,AURAIYA *,UTTAR PRADESH,AURAIYA,100.0,95.0,fuzzy_auto,False
JAMMU AND KASHMIR,?,JAMMU & KASHMIR,ANANTNAG,100.0,0.0,excluded_junk,False
JHARKHAND,BOKARO *,JHARKHAND,BOKARO,100.0,95.0,fuzzy_auto,False
ORISSA,KHORDHA  *,ODISHA,KHORDHA,100.0,95.0,fuzzy_auto,False
UTTARANCHAL,GARHWAL,UTTARAKHAND,GARHWAL,72.72727272727273,100.0,fuzzy_auto,False
TAMILNADU,CHENNAI,TAMIL NADU,CHENNAI,94.73684210526316,100.0,fuzzy_auto,False
UTTAR PRADESH,GAUTAM BUDDHA NAGAR *,UTTAR PRADESH,GAUTAM BUDDHA NAGAR,100.0,95.0,fuzzy_auto,False
ORISSA,ANUGUL  *,ODISHA,ANUGUL,100.0,90.0,fuzzy_auto,False
HARYANA,AKHERA,HARYANA,KURUKSHETRA,100.0,65.45454545454547,fuzzy_review,True
KARNATAKA,BENGALURU URBAN,KARNATAKA,BANGALORE,100.0,100.0,manual_override,False
BIHAR,PURBI CHAMPARAN,BIHAR,PURBA CHAMPARAN,100.0,93.33333333333331,fuzzy_auto,False
HARYANA,GURUGRAM,HARYANA,GURGAON,100.0,100.0,manual_override,False
WEST BENGAL,COOCHBEHAR,WEST BENGAL,KOCH BIHAR,100.0,100.0,manual_override,False
WEST BENGAL,DINAJPUR UTTAR,WEST BENGAL,UTTAR DINAJPUR,100.0,95.0,fuzzy_auto,False
ANDHRA PRADESH,SPSR NELLORE,ANDHRA PRADESH,SRI POTTI SRIRAMULU NELLORE,100.0,85.5,fuzzy_auto,False
WEST BENGAL,24 PARAGANAS NORTH,WEST BENGAL,NORTH TWENTY FOUR PARGANAS,100.0,100.0,manual_override,False
THE DADRA AND NAGAR HAVELI AND DAMAN AND DIU,DADRA AND NAGAR HAVELI,DADRA & NAGAR HAVELI,DADRA & NAGAR HAVELI,85.5,90.47619047619048,fuzzy_auto,False
GUJARAT,DANG,GUJARAT,THE DANGS,100.0,90.0,fuzzy_auto,False
UTTAR PRADESH,SHRAVASTI,UTTAR PRADESH,SHRAWASTI,100.0,88.88888888888889,fuzzy_auto,False
WEST BENGAL,MEDINIPUR WEST,WEST BENGAL,PASCHIM MEDINIPUR,100.0,100.0,manual_override,False
CHHATTISGARH,GAURELLA PENDRA MARWAHI,CHHATTISGARH,DHAMTARI,100.0,56.25,fuzzy_review,True
ANDHRA PRADESH,VISAKHAPATANAM,ANDHRA PRADESH,VISAKHAPATNAM,100.0,96.2962962962963,fuzzy_auto,False
HARYANA,NUH,HARYANA,PANCHKULA,100.0,60.00000000000001,fuzzy_review,True
MADHYA PRADESH,ASHOKNAGAR,MADHYA PRADESH,ASHOKNAGAR,100.0,100.0,fuzzy_auto,False
PUNJAB,S.A.S NAGAR,PUNJAB,SAHIBZADA AJIT SINGH NAGAR,100.0,85.5,fuzzy_auto,False
TELANGANA,MEDCHAL MALKAJGIRI,ANDHRA PRADESH,RANGAREDDY,100.0,100.0,telangana_proxy,False
ASSAM,SIVASAGAR,ASSAM,SIVASAGAR,100.0,100.0,fuzzy_auto,False
UTTAR PRADESH,SIDDHARTH NAGAR,UTTAR PRADESH,SIDDHARTHNAGAR,100.0,96.55172413793105,fuzzy_auto,False
MEGHALAYA,KAMRUP,MEGHALAYA,SOUTH GARO HILLS,100.0,38.0,fuzzy_review,True
MAHARASHTRA,AHMEDNAGAR,MAHARASHTRA,AHMADNAGAR,100.0,90.0,fuzzy_auto,False
WEST BENGAL,24 PARAGANAS SOUTH,WEST BENGAL,SOUTH TWENTY FOUR PARGANAS,100.0,100.0,manual_override,False
ODISHA,NABARANGPUR,ODISHA,NABARANGAPUR,100.0,95.65217391304348,fuzzy_auto,False
KARNATAKA,RAMANAGARA,KARNATAKA,RAMANAGARA,100.0,100.0,fuzzy_auto,False
JHARKHAND,EAST SINGHBUM,JHARKHAND,PASHCHIMI SINGHBHUM,100.0,68.75,fuzzy_review,True
TELANGANA,RANGA REDDY,ANDHRA PRADESH,RANGAREDDY,100.0,100.0,telangana_proxy,False
WEST BENGAL,DINAJPUR DAKSHIN,WEST BENGAL,DAKSHIN DINAJPUR,100.0,95.0,fuzzy_auto,False
JAMMU AND KASHMIR,SHOPIAN,JAMMU & KASHMIR,SHUPIYAN,100.0,100.0,manual_override,False
UTTAR PRADESH,KUSHI NAGAR,UTTAR PRADESH,KUSHINAGAR,100.0,95.23809523809524,fuzzy_auto,False
HARYANA,JHAJJAR *,HARYANA,JHAJJAR,100.0,95.0,fuzzy_auto,False
DELHI,NORTH EAST   *,NCT OF DELHI,NORTH EAST,90.0,95.0,fuzzy_auto,False
TAMIL NADU,NAMAKKAL   *,TAMIL NADU,NAMAKKAL,100.0,90.0,fuzzy_auto,False
ORISSA,KENDRAPARA *,ODISHA,KENDRAPARA,100.0,95.0,fuzzy_auto,False
